# Blender 4.0.2
# www.blender.org
mtllib medieval_tower.mtl
o KH_TowerHigh.003
v 3.207591 12.027828 1.004592
v 3.291700 6.822636 1.041945
v 3.036135 12.027828 1.321857
v 3.113467 6.822636 1.371750
v 3.105110 7.650230 1.365980
v 3.126462 11.200233 0.959664
v 3.117057 12.027828 0.955835
v 3.191760 7.650230 0.989358
v 3.201166 6.822636 0.993188
v 2.945601 12.027828 1.273100
v 2.953958 11.200233 1.278870
v 3.014576 7.650230 1.317223
v 3.022933 6.822636 1.322993
v 3.079645 16.278120 1.140282
v 3.079638 15.705140 1.140295
v 2.938138 15.991627 1.403037
v 3.221138 15.991627 0.877554
v 2.988889 16.211426 1.308800
v 2.988512 15.772465 1.309500
v 3.170397 16.211418 0.971772
v 3.170760 15.772469 0.971097
v 3.079600 16.169073 1.140365
v 3.135790 16.127773 1.036030
v 3.023407 16.127777 1.244706
v 3.079595 15.814303 1.140374
v 3.023173 15.855989 1.245140
v 3.136015 15.855991 1.035612
v 2.991983 15.991686 1.303054
v 3.167207 15.991686 0.977693
v 3.048895 16.278120 1.123721
v 3.139647 16.211418 0.955212
v 2.958139 16.211426 1.292240
v 3.048888 15.705140 1.123735
v 2.957762 15.772465 1.292940
v 3.140010 15.772469 0.954537
v 2.907388 15.991627 1.386476
v 3.190388 15.991627 0.860993
v 3.023158 16.127773 0.975372
v 2.966968 16.169073 1.079707
v 2.910774 16.127777 1.184048
v 2.910541 15.855989 1.184481
v 2.966963 15.814303 1.079715
v 3.023383 15.855991 0.974954
v 2.879351 15.991686 1.242396
v 3.054575 15.991686 0.917035
v 1.977831 11.200233 -2.247586
v 2.011355 6.822636 -2.322290
v 2.007525 7.650230 -2.312884
v 2.297037 11.200233 -2.075082
v 1.929074 11.200233 -2.157053
v 1.925245 12.027828 -2.147647
v 1.958768 7.650230 -2.222351
v 1.962598 6.822636 -2.231756
v 2.242510 12.027828 -1.976191
v 2.248280 11.200233 -1.984548
v 2.286633 7.650230 -2.045166
v 2.292403 6.822636 -2.053523
v 2.109692 16.278120 -2.110235
v 2.109705 15.705140 -2.110228
v 2.372447 15.991627 -1.968728
v 1.846964 15.991627 -2.251728
v 2.278210 16.211426 -2.019479
v 2.278910 15.772465 -2.019102
v 1.941182 16.211418 -2.200987
v 1.940507 15.772469 -2.201350
v 2.109776 16.169073 -2.110190
v 2.005440 16.127773 -2.166380
v 2.214116 16.127777 -2.053997
v 2.109784 15.814303 -2.110186
v 2.214550 15.855989 -2.053764
v 2.005022 15.855991 -2.166605
v 2.272464 15.991686 -2.022573
v 1.947103 15.991686 -2.197798
v 2.093132 16.278120 -2.079486
v 1.924622 16.211418 -2.170237
v 2.261650 16.211426 -1.988729
v 2.093145 15.705140 -2.079478
v 2.262350 15.772465 -1.988352
v 1.923947 15.772469 -2.170601
v 2.355886 15.991627 -1.937978
v 1.830403 15.991627 -2.220978
v 1.944782 16.127773 -2.053748
v 2.049117 16.169073 -1.997558
v 2.153458 16.127777 -1.941365
v 2.153891 15.855989 -1.941131
v 2.049125 15.814303 -1.997553
v 1.944364 15.855991 -2.053973
v 2.211806 15.991686 -1.909941
v 1.886445 15.991686 -2.085166
v -1.343475 7.650230 -1.038116
v -1.105673 11.200233 -1.327627
v -1.097316 12.027828 -1.321858
v -1.174648 6.822636 -1.371750
v -1.187643 11.200233 -0.959664
v -1.178238 12.027828 -0.955835
v -1.252941 7.650230 -0.989358
v -1.262347 6.822636 -0.993188
v -1.006782 12.027828 -1.273100
v -1.015139 11.200233 -1.278870
v -1.075757 7.650230 -1.317223
v -1.084114 6.822636 -1.322993
v -1.140826 16.278120 -1.140282
v -1.140818 15.705140 -1.140295
v -0.999318 15.991627 -1.403037
v -1.282319 15.991627 -0.877554
v -1.050069 16.211426 -1.308801
v -1.049692 15.772465 -1.309500
v -1.231577 16.211418 -0.971772
v -1.231941 15.772469 -0.971097
v -1.140781 16.169073 -1.140366
v -1.196971 16.127773 -1.036030
v -1.084587 16.127777 -1.244707
v -1.140776 15.814303 -1.140374
v -1.084354 15.855989 -1.245140
v -1.197196 15.855991 -1.035613
v -1.053164 15.991686 -1.303055
v -1.228388 15.991686 -0.977694
v -1.110076 16.278120 -1.123722
v -1.200828 16.211418 -0.955212
v -1.019320 16.211426 -1.292240
v -1.110069 15.705140 -1.123735
v -1.018943 15.772465 -1.292940
v -1.201191 15.772469 -0.954537
v -0.968568 15.991627 -1.386477
v -1.251569 15.991627 -0.860994
v -1.084338 16.127773 -0.975372
v -1.028148 16.169073 -1.079707
v -0.971955 16.127777 -1.184048
v -0.971722 15.855989 -1.184481
v -1.028144 15.814303 -1.079715
v -1.084564 15.855991 -0.974954
v -0.940532 15.991686 -1.242396
v -1.115756 15.991686 -0.917035
v -0.039012 11.200233 2.247586
v -0.035182 12.027828 2.238181
v -0.068706 7.650230 2.312884
v -0.358218 11.200233 2.075082
v -0.402340 6.822636 2.144057
v 0.009745 11.200233 2.157053
v 0.013575 12.027828 2.147647
v -0.019949 7.650230 2.222351
v -0.023778 6.822636 2.231756
v -0.303691 12.027828 1.976191
v -0.309460 11.200233 1.984548
v -0.347814 7.650230 2.045166
v -0.353583 6.822636 2.053523
v -0.170872 16.278120 2.110235
v -0.170886 15.705140 2.110228
v -0.433627 15.991627 1.968728
v 0.091856 15.991627 2.251729
v -0.339391 16.211426 2.019479
v -0.340090 15.772465 2.019102
v -0.002362 16.211418 2.200987
v -0.001687 15.772469 2.201350
v -0.170956 16.169073 2.110190
v -0.066621 16.127773 2.166380
v -0.275297 16.127777 2.053997
v -0.170964 15.814303 2.110186
v -0.275730 15.855989 2.053764
v -0.066203 15.855991 2.166605
v -0.333645 15.991686 2.022573
v -0.008284 15.991686 2.197798
v -0.154312 16.278120 2.079486
v 0.014198 16.211418 2.170237
v -0.322830 16.211426 1.988729
v -0.154325 15.705140 2.079479
v -0.323530 15.772465 1.988352
v 0.014873 15.772469 2.170601
v -0.417067 15.991627 1.937978
v 0.108416 15.991627 2.220979
v -0.005962 16.127773 2.053748
v -0.110297 16.169073 1.997558
v -0.214638 16.127777 1.941365
v -0.215072 15.855989 1.941131
v -0.110306 15.814303 1.997553
v -0.005544 15.855991 2.053973
v -0.272986 15.991686 1.909941
v 0.052375 15.991686 2.085166
v 3.012896 18.249846 -1.206006
v 0.892712 18.249846 -2.347839
v 3.711880 18.249846 -2.503896
v 3.012897 17.860914 -1.206006
v 0.892713 17.860914 -2.347839
v 2.853964 18.249846 -1.338390
v 1.090712 18.249846 -2.287996
v 1.591697 18.249846 -3.645728
v 3.408182 18.249846 -2.367476
v 1.644930 18.249846 -3.317082
v 3.711880 17.860914 -2.503895
v 1.591696 17.860914 -3.645728
v 3.408182 18.123438 -2.367476
v 1.644930 18.123438 -3.317082
v 1.090712 18.123438 -2.287996
v 2.853964 18.123438 -1.338390
v 2.543444 18.249846 -2.962418
v 2.617571 18.249846 -2.922496
v 2.576760 18.249846 -3.024280
v 2.650887 18.249846 -2.984358
v 3.105692 18.249846 -1.673657
v 3.069349 18.249846 -1.606175
v 3.173823 18.249846 -1.636965
v 3.137480 18.249846 -1.569483
v 1.232105 18.249846 -2.682685
v 1.163974 18.249846 -2.719378
v 1.195762 18.249846 -2.615202
v 1.127631 18.249846 -2.651895
v 1.195762 19.118786 -2.615202
v 1.127630 19.118786 -2.651895
v 1.163974 19.118786 -2.719377
v 1.232105 19.118786 -2.682685
v 3.069349 19.118786 -1.606175
v 3.137480 19.118786 -1.569483
v 3.105692 19.118786 -1.673657
v 3.173823 19.118786 -1.636965
v 2.650887 19.118786 -2.984358
v 2.617571 19.118786 -2.922496
v 2.543444 19.118786 -2.962418
v 2.576760 19.118786 -3.024280
v 3.618748 19.118786 -2.463113
v 3.550617 19.118786 -2.499805
v 3.585432 19.118786 -2.401251
v 3.517301 19.118786 -2.437944
v 1.677030 19.118786 -3.508832
v 1.608899 19.118786 -3.545525
v 1.575583 19.118786 -3.483663
v 1.643714 19.118786 -3.446971
v 1.575583 18.249846 -3.483663
v 1.643714 18.249846 -3.446971
v 1.608899 18.249846 -3.545525
v 1.677030 18.249846 -3.508832
v 3.585432 18.249846 -2.401251
v 3.618748 18.249846 -2.463113
v 3.517301 18.249846 -2.437944
v 3.550617 18.249846 -2.499805
v 1.656395 19.118786 -3.411075
v 1.596218 19.118786 -3.581421
v 3.480351 19.118786 -2.428776
v 3.655699 19.118786 -2.472280
v 1.057375 19.118786 -2.298800
v 0.921440 19.118786 -2.328477
v 2.853481 19.118786 -1.264787
v 2.953069 19.118786 -1.167622
v 1.596218 19.197294 -3.581421
v 3.655699 19.197294 -2.472280
v 2.953069 19.197294 -1.167622
v 0.921440 19.197294 -2.328477
v 2.853481 19.197294 -1.264787
v 3.480351 19.197294 -2.428776
v 1.656395 19.197294 -3.411075
v 1.057375 19.197294 -2.298800
v -0.236596 18.249846 -2.043487
v -1.378429 18.249846 0.076697
v -1.534485 18.249846 -2.742471
v -0.236596 17.860914 -2.043487
v -1.378429 17.860914 0.076697
v -0.368980 18.249846 -1.884555
v -1.318586 18.249846 -0.121302
v -2.676318 18.249846 -0.622287
v -1.398066 18.249846 -2.438773
v -2.347672 18.249846 -0.675520
v -1.534485 17.860914 -2.742471
v -2.676318 17.860914 -0.622286
v -1.398066 18.123438 -2.438773
v -2.347672 18.123438 -0.675520
v -1.318586 18.123438 -0.121302
v -0.368980 18.123438 -1.884555
v -1.993008 18.249846 -1.574035
v -1.953086 18.249846 -1.648162
v -2.054870 18.249846 -1.607350
v -2.014949 18.249846 -1.681478
v -0.704248 18.249846 -2.136282
v -0.636765 18.249846 -2.099939
v -0.667555 18.249846 -2.204414
v -0.600073 18.249846 -2.168071
v -1.713276 18.249846 -0.262696
v -1.749968 18.249846 -0.194564
v -1.645793 18.249846 -0.226352
v -1.682485 18.249846 -0.158221
v -1.645792 19.118786 -0.226352
v -1.682485 19.118786 -0.158221
v -1.749967 19.118786 -0.194564
v -1.713275 19.118786 -0.262695
v -0.636765 19.118786 -2.099939
v -0.600073 19.118786 -2.168070
v -0.704248 19.118786 -2.136282
v -0.667555 19.118786 -2.204414
v -2.014949 19.118786 -1.681478
v -1.953086 19.118786 -1.648162
v -1.993008 19.118786 -1.574035
v -2.054870 19.118786 -1.607350
v -1.493703 19.118786 -2.649339
v -1.530396 19.118786 -2.581207
v -1.431842 19.118786 -2.616023
v -1.468534 19.118786 -2.547891
v -2.539423 19.118786 -0.707620
v -2.576115 19.118786 -0.639489
v -2.514254 19.118786 -0.606173
v -2.477561 19.118786 -0.674304
v -2.514254 18.249846 -0.606173
v -2.477561 18.249846 -0.674305
v -2.576115 18.249846 -0.639489
v -2.539423 18.249846 -0.707621
v -1.431842 18.249846 -2.616023
v -1.493703 18.249846 -2.649339
v -1.468534 18.249846 -2.547892
v -1.530396 18.249846 -2.581208
v -2.441665 19.118786 -0.686985
v -2.612011 19.118786 -0.626809
v -1.459366 19.118786 -2.510942
v -1.502870 19.118786 -2.686289
v -1.329391 19.118786 -0.087966
v -1.359067 19.118786 0.047969
v -0.295377 19.118786 -1.884071
v -0.198212 19.118786 -1.983660
v -2.612011 19.197294 -0.626809
v -1.502870 19.197294 -2.686289
v -0.198212 19.197294 -1.983660
v -1.359067 19.197294 0.047969
v -0.295377 19.197294 -1.884071
v -1.459366 19.197294 -2.510942
v -2.441665 19.197294 -0.686985
v -1.329391 19.197294 -0.087966
v -1.074076 18.249846 1.206006
v 1.046107 18.249846 2.347839
v -1.773061 18.249846 2.503895
v -1.074077 17.860914 1.206006
v 1.046107 17.860914 2.347839
v -0.915145 18.249846 1.338390
v 0.848108 18.249846 2.287996
v 0.347123 18.249846 3.645728
v -1.469363 18.249846 2.367476
v 0.293889 18.249846 3.317082
v -1.773061 17.860914 2.503895
v 0.347123 17.860914 3.645728
v -1.469363 18.123438 2.367476
v 0.293889 18.123438 3.317082
v 0.848108 18.123438 2.287996
v -0.915145 18.123438 1.338390
v -0.604625 18.249846 2.962418
v -0.678752 18.249846 2.922496
v -0.637941 18.249846 3.024280
v -0.712068 18.249846 2.984358
v -1.166873 18.249846 1.673658
v -1.130530 18.249846 1.606175
v -1.235005 18.249846 1.636965
v -1.198661 18.249846 1.569482
v 0.706714 18.249846 2.682685
v 0.774845 18.249846 2.719378
v 0.743057 18.249846 2.615202
v 0.811188 18.249846 2.651895
v 0.743057 19.118786 2.615202
v 0.811189 19.118786 2.651895
v 0.774845 19.118786 2.719378
v 0.706714 19.118786 2.682685
v -1.130530 19.118786 1.606175
v -1.198661 19.118786 1.569482
v -1.166873 19.118786 1.673658
v -1.235004 19.118786 1.636965
v -0.712068 19.118786 2.984358
v -0.678752 19.118786 2.922496
v -0.604625 19.118786 2.962418
v -0.637941 19.118786 3.024280
v -1.679929 19.118786 2.463113
v -1.611798 19.118786 2.499805
v -1.646613 19.118786 2.401251
v -1.578482 19.118786 2.437943
v 0.261789 19.118786 3.508833
v 0.329920 19.118786 3.545525
v 0.363236 19.118786 3.483663
v 0.295105 19.118786 3.446971
v 0.363236 18.249846 3.483663
v 0.295105 18.249846 3.446971
v 0.329920 18.249846 3.545525
v 0.261789 18.249846 3.508833
v -1.646613 18.249846 2.401251
v -1.679929 18.249846 2.463113
v -1.578482 18.249846 2.437943
v -1.611798 18.249846 2.499805
v 0.282424 19.118786 3.411075
v 0.342601 19.118786 3.581421
v -1.541532 19.118786 2.428776
v -1.716880 19.118786 2.472280
v 0.881444 19.118786 2.298800
v 1.017379 19.118786 2.328477
v -0.914661 19.118786 1.264787
v -1.014250 19.118786 1.167622
v 0.342601 19.197294 3.581421
v -1.716880 19.197294 2.472280
v -1.014250 19.197294 1.167622
v 1.017379 19.197294 2.328477
v -0.914661 19.197294 1.264787
v -1.541532 19.197294 2.428776
v 0.282424 19.197294 3.411075
v 0.881444 19.197294 2.298800
v 2.175416 18.249846 2.043487
v 3.317249 18.249846 -0.076697
v 3.473304 18.249846 2.742471
v 2.175415 17.860914 2.043487
v 3.317249 17.860914 -0.076697
v 2.307799 18.249846 1.884555
v 3.257406 18.249846 0.121302
v 4.615138 18.249846 0.622287
v 3.336885 18.249846 2.438773
v 4.286492 18.249846 0.675521
v 3.473304 17.860914 2.742471
v 4.615138 17.860914 0.622287
v 3.336885 18.123438 2.438773
v 4.286492 18.123438 0.675521
v 3.257406 18.123438 0.121302
v 2.307799 18.123438 1.884555
v 3.931827 18.249846 1.574035
v 3.891906 18.249846 1.648163
v 3.993689 18.249846 1.607351
v 3.953767 18.249846 1.681479
v 2.643067 18.249846 2.136283
v 2.575584 18.249846 2.099940
v 2.606375 18.249846 2.204414
v 2.538892 18.249846 2.168071
v 3.652095 18.249846 0.262696
v 3.688787 18.249846 0.194565
v 3.584612 18.249846 0.226353
v 3.621304 18.249846 0.158222
v 3.584612 19.118786 0.226353
v 3.621304 19.118786 0.158221
v 3.688787 19.118786 0.194565
v 3.652095 19.118786 0.262696
v 2.575584 19.118786 2.099940
v 2.538892 19.118786 2.168071
v 2.643067 19.118786 2.136283
v 2.606375 19.118786 2.204414
v 3.953767 19.118786 1.681479
v 3.891906 19.118786 1.648163
v 3.931827 19.118786 1.574035
v 3.993689 19.118786 1.607351
v 3.432522 19.118786 2.649340
v 3.469215 19.118786 2.581208
v 3.370660 19.118786 2.616023
v 3.407353 19.118786 2.547892
v 4.478242 19.118786 0.707621
v 4.514935 19.118786 0.639490
v 4.453073 19.118786 0.606174
v 4.416380 19.118786 0.674305
v 4.453073 18.249846 0.606174
v 4.416380 18.249846 0.674305
v 4.514935 18.249846 0.639490
v 4.478242 18.249846 0.707621
v 3.370660 18.249846 2.616023
v 3.432522 18.249846 2.649340
v 3.407353 18.249846 2.547892
v 3.469215 18.249846 2.581208
v 4.380485 19.118786 0.686986
v 4.550831 19.118786 0.626809
v 3.398186 19.118786 2.510942
v 3.441690 19.118786 2.686290
v 3.268210 19.118786 0.087966
v 3.297887 19.118786 -0.047969
v 2.234197 19.118786 1.884071
v 2.137031 19.118786 1.983660
v 4.550831 19.197294 0.626809
v 3.441690 19.197294 2.686290
v 2.137031 19.197294 1.983660
v 3.297887 19.197294 -0.047969
v 2.234197 19.197294 1.884071
v 3.398186 19.197294 2.510942
v 4.380485 19.197294 0.686986
v 3.268210 19.197294 0.087966
v 1.885950 17.868807 -1.927061
v 2.478009 17.855242 -3.026410
v 2.724163 17.855242 -2.893843
v 2.132103 17.868807 -1.794494
v 2.132103 16.772030 -1.794494
v 2.314374 16.758465 -2.132939
v 2.068220 16.758465 -2.265506
v 1.885949 16.772030 -1.927061
v 2.478009 17.641842 -3.026410
v 2.083684 16.982737 -2.294219
v 2.724163 17.641842 -2.893843
v 2.329838 16.982737 -2.161652
v 2.135838 17.248812 -2.391059
v 2.248022 17.495346 -2.599366
v 2.381991 17.248812 -2.258492
v 2.494176 17.495346 -2.466799
v 2.621052 17.868807 -1.531168
v 3.213111 17.855242 -2.630518
v 3.459265 17.855242 -2.497951
v 2.867206 17.868807 -1.398601
v 2.867206 16.772030 -1.398601
v 3.049477 16.758465 -1.737046
v 2.803323 16.758465 -1.869613
v 2.621052 16.772030 -1.531168
v 3.213111 17.641842 -2.630518
v 2.818787 16.982737 -1.898326
v 3.459265 17.641842 -2.497951
v 3.064941 16.982737 -1.765759
v 2.870940 17.248812 -1.995167
v 2.983125 17.495346 -2.203474
v 3.117094 17.248812 -1.862600
v 3.229279 17.495346 -2.070907
v 1.121733 17.868807 -2.338632
v 1.713793 17.855242 -3.437981
v 1.959946 17.855242 -3.305414
v 1.367887 17.868807 -2.206065
v 1.367887 16.772030 -2.206065
v 1.550158 16.758465 -2.544510
v 1.304004 16.758465 -2.677077
v 1.121733 16.772030 -2.338632
v 1.713793 17.641842 -3.437981
v 1.319468 16.982737 -2.705790
v 1.959946 17.641842 -3.305414
v 1.565622 16.982737 -2.573223
v 1.371621 17.248812 -2.802630
v 1.483806 17.495346 -3.010937
v 1.617775 17.248812 -2.670063
v 1.729960 17.495346 -2.878370
v -1.369222 17.868807 -0.152323
v -2.468572 17.855242 -0.744382
v -2.336005 17.855242 -0.990536
v -1.236655 17.868807 -0.398477
v -1.236655 16.772030 -0.398477
v -1.575100 16.758465 -0.580748
v -1.707667 16.758465 -0.334594
v -1.369222 16.772030 -0.152323
v -2.468572 17.641842 -0.744382
v -1.736381 16.982737 -0.350058
v -2.336005 17.641842 -0.990536
v -1.603813 16.982737 -0.596212
v -1.833221 17.248812 -0.402212
v -2.041528 17.495346 -0.514396
v -1.700654 17.248812 -0.648365
v -1.908960 17.495346 -0.760550
v -0.561758 17.868807 -1.651642
v -1.661107 17.855242 -2.243701
v -1.528540 17.855242 -2.489855
v -0.429191 17.868807 -1.897796
v -0.429191 16.772030 -1.897796
v -0.767636 16.758465 -2.080067
v -0.900203 16.758465 -1.833913
v -0.561758 16.772030 -1.651642
v -1.661107 17.641842 -2.243701
v -0.928916 16.982737 -1.849377
v -1.528540 17.641842 -2.489855
v -0.796349 16.982737 -2.095531
v -1.025757 17.248812 -1.901531
v -1.234063 17.495346 -2.013715
v -0.893189 17.248812 -2.147684
v -1.101496 17.495346 -2.259869
v -0.957650 17.868807 -0.916539
v -2.057000 17.855242 -1.508598
v -1.924433 17.855242 -1.754752
v -0.825084 17.868807 -1.162693
v -0.825084 16.772030 -1.162693
v -1.163528 16.758465 -1.344964
v -1.296095 16.758465 -1.098810
v -0.957651 16.772030 -0.916539
v -2.057000 17.641842 -1.508598
v -1.324809 16.982737 -1.114274
v -1.924433 17.641842 -1.754752
v -1.192242 16.982737 -1.360428
v -1.421649 17.248812 -1.166428
v -1.629956 17.495346 -1.278612
v -1.289082 17.248812 -1.412581
v -1.497389 17.495346 -1.524766
v 0.052870 17.868807 1.927061
v -0.539189 17.855242 3.026410
v -0.785343 17.855242 2.893843
v -0.193284 17.868807 1.794494
v -0.193284 16.772030 1.794494
v -0.375555 16.758465 2.132938
v -0.129401 16.758465 2.265505
v 0.052870 16.772030 1.927061
v -0.539189 17.641842 3.026410
v -0.144865 16.982737 2.294219
v -0.785343 17.641842 2.893843
v -0.391018 16.982737 2.161652
v -0.197018 17.248812 2.391059
v -0.309203 17.495346 2.599365
v -0.443172 17.248812 2.258492
v -0.555357 17.495346 2.466799
v -0.682233 17.868807 1.531168
v -1.274292 17.855242 2.630518
v -1.520446 17.855242 2.497951
v -0.928387 17.868807 1.398601
v -0.928387 16.772030 1.398601
v -1.110657 16.758465 1.737046
v -0.864504 16.758465 1.869613
v -0.682233 16.772030 1.531168
v -1.274292 17.641842 2.630518
v -0.879968 16.982737 1.898326
v -1.520446 17.641842 2.497951
v -1.126121 16.982737 1.765759
v -0.932121 17.248812 1.995167
v -1.044306 17.495346 2.203474
v -1.178275 17.248812 1.862600
v -1.290460 17.495346 2.070906
v 0.817086 17.868807 2.338632
v 0.225027 17.855242 3.437982
v -0.021127 17.855242 3.305414
v 0.570932 17.868807 2.206065
v 0.570932 16.772030 2.206065
v 0.388661 16.758465 2.544509
v 0.634815 16.758465 2.677077
v 0.817086 16.772030 2.338632
v 0.225027 17.641842 3.437982
v 0.619351 16.982737 2.705790
v -0.021127 17.641842 3.305414
v 0.373198 16.982737 2.573223
v 0.567198 17.248812 2.802631
v 0.455013 17.495346 3.010937
v 0.321044 17.248812 2.670064
v 0.208859 17.495346 2.878370
v 3.308041 17.868807 0.152324
v 4.407391 17.855242 0.744383
v 4.274824 17.855242 0.990537
v 3.175474 17.868807 0.398478
v 3.175474 16.772030 0.398478
v 3.513919 16.758465 0.580749
v 3.646486 16.758465 0.334595
v 3.308041 16.772030 0.152324
v 4.407391 17.641842 0.744383
v 3.675199 16.982737 0.350058
v 4.274824 17.641842 0.990537
v 3.542632 16.982737 0.596212
v 3.772040 17.248812 0.402212
v 3.980346 17.495346 0.514397
v 3.639473 17.248812 0.648366
v 3.847779 17.495346 0.760551
v 2.500577 17.868807 1.651643
v 3.599927 17.855242 2.243702
v 3.467360 17.855242 2.489856
v 2.368010 17.868807 1.897797
v 2.368010 16.772030 1.897797
v 2.706455 16.758465 2.080068
v 2.839022 16.758465 1.833914
v 2.500577 16.772030 1.651643
v 3.599927 17.641842 2.243702
v 2.867735 16.982737 1.849377
v 3.467360 17.641842 2.489856
v 2.735168 16.982737 2.095531
v 2.964576 17.248812 1.901531
v 3.172883 17.495346 2.013716
v 2.832009 17.248812 2.147685
v 3.040315 17.495346 2.259870
v 2.896470 17.868807 0.916540
v 3.995819 17.855242 1.508599
v 3.863252 17.855242 1.754753
v 2.763902 17.868807 1.162694
v 2.763902 16.772030 1.162694
v 3.102347 16.758465 1.344964
v 3.234914 16.758465 1.098811
v 2.896470 16.772030 0.916540
v 3.995819 17.641844 1.508599
v 3.263628 16.982737 1.114274
v 3.863252 17.641844 1.754753
v 3.131060 16.982737 1.360428
v 3.360468 17.248812 1.166428
v 3.568775 17.495348 1.278612
v 3.227901 17.248812 1.412582
v 3.436208 17.495348 1.524766
v 2.522112 21.104225 1.359879
v 2.546946 18.180424 1.379634
v 2.957359 21.104225 0.554488
v 3.242925 20.806700 0.807722
v 3.168737 20.974243 0.945476
v 3.067395 21.035568 1.133651
v 2.966053 20.974243 1.321827
v 2.891865 20.806700 1.459580
v 3.271244 20.577829 0.757928
v 2.864711 20.577829 1.510001
v 3.328552 20.966734 0.648573
v 3.370581 20.648663 0.574408
v 2.765698 20.648663 1.693696
v 2.806109 20.966732 1.618660
v 3.218146 21.199577 0.853577
v 3.067330 21.284803 1.133617
v 2.916514 21.199575 1.413657
v 3.370581 18.082275 0.574408
v 3.271244 18.057802 0.757928
v 2.765698 18.082275 1.693696
v 2.864711 18.057802 1.510001
v 2.591258 20.648663 1.600711
v 2.428898 18.082275 1.512311
v 2.527911 18.057802 1.328616
v 2.527911 20.577829 1.328616
v 3.196141 20.648663 0.481423
v 3.033781 18.082275 0.393023
v 2.934444 18.057802 0.576543
v 2.934444 20.577829 0.576543
v 2.742074 21.199575 1.320672
v 2.631669 20.966732 1.525675
v 2.892890 21.284803 1.040632
v 3.043707 21.199577 0.760592
v 3.154112 20.966734 0.555588
v 2.629252 20.974243 1.140442
v 2.555065 20.806700 1.278195
v 2.730595 21.035568 0.952267
v 2.831937 20.974243 0.764092
v 2.906125 20.806700 0.626338
v 2.329289 21.104225 -1.552702
v 2.349045 18.180424 -1.577537
v 1.523899 21.104225 -1.987949
v 1.777133 20.806700 -2.273516
v 1.914887 20.974243 -2.199328
v 2.103063 21.035568 -2.097985
v 2.291237 20.974243 -1.996643
v 2.428991 20.806700 -1.922455
v 1.727339 20.577829 -2.301834
v 2.479412 20.577829 -1.895301
v 1.617983 20.966734 -2.359143
v 1.543818 20.648663 -2.401171
v 2.663106 20.648663 -1.796288
v 2.588070 20.966732 -1.836698
v 1.822987 21.199577 -2.248737
v 2.103028 21.284803 -2.097920
v 2.383067 21.199575 -1.947104
v 1.543818 18.082275 -2.401171
v 1.727339 18.057802 -2.301834
v 2.663106 18.082275 -1.796288
v 2.479412 18.057802 -1.895301
v 2.570121 20.648663 -1.621848
v 2.481721 18.082275 -1.459488
v 2.298027 18.057802 -1.558501
v 2.298027 20.577829 -1.558501
v 1.450834 20.648663 -2.226732
v 1.362434 18.082275 -2.064372
v 1.545954 18.057802 -1.965034
v 1.545954 20.577829 -1.965034
v 2.290083 21.199575 -1.772664
v 2.495086 20.966732 -1.662259
v 2.010043 21.284803 -1.923481
v 1.730003 21.199577 -2.074297
v 1.524999 20.966734 -2.184703
v 2.109853 20.974243 -1.659843
v 2.247606 20.806700 -1.585655
v 1.921677 21.035568 -1.761185
v 1.733502 20.974243 -1.862528
v 1.595748 20.806700 -1.936716
v -0.583292 21.104225 -1.359879
v -1.018539 21.104225 -0.554489
v -1.304106 20.806700 -0.807723
v -1.229918 20.974243 -0.945477
v -1.128575 21.035568 -1.133653
v -1.027233 20.974243 -1.321828
v -0.953045 20.806700 -1.459581
v -1.332424 20.577829 -0.757929
v -0.925891 20.577829 -1.510002
v -1.389733 20.966734 -0.648573
v -1.431762 20.648663 -0.574408
v -0.826878 20.648663 -1.693696
v -0.867289 20.966732 -1.618660
v -1.279327 21.199577 -0.853577
v -1.128510 21.284803 -1.133617
v -0.977694 21.199575 -1.413657
v -1.431762 18.082275 -0.574408
v -1.332424 18.057802 -0.757929
v -0.826878 18.082275 -1.693696
v -0.925891 18.057802 -1.510002
v -0.652438 20.648663 -1.600711
v -0.490078 18.082275 -1.512311
v -0.589091 18.057802 -1.328617
v -0.589091 20.577829 -1.328617
v -1.257322 20.648663 -0.481424
v -1.094962 18.082275 -0.393024
v -0.995624 18.057802 -0.576544
v -0.995624 20.577829 -0.576544
v -0.803254 21.199575 -1.320673
v -0.692849 20.966732 -1.525676
v -0.954070 21.284803 -1.040633
v -1.104887 21.199577 -0.760593
v -1.215293 20.966734 -0.555589
v -0.690433 20.974243 -1.140443
v -0.616245 20.806700 -1.278196
v -0.791775 21.035568 -0.952268
v -0.893118 20.974243 -0.764092
v -0.967306 20.806700 -0.626338
v -0.390470 21.104225 1.552701
v 0.414921 21.104225 1.987949
v 0.404970 18.180424 2.018083
v 0.161686 20.806700 2.273515
v 0.023932 20.974243 2.199327
v -0.164243 21.035568 2.097985
v -0.352418 20.974243 1.996643
v -0.490172 20.806700 1.922455
v 0.211480 20.577829 2.301834
v -0.540592 20.577829 1.895301
v 0.320836 20.966734 2.359143
v 0.395001 20.648663 2.401172
v -0.724287 20.648663 1.796288
v -0.649251 20.966732 1.836699
v 0.115832 21.199577 2.248737
v -0.164208 21.284803 2.097920
v -0.444248 21.199575 1.947104
v 0.395001 18.082275 2.401172
v 0.211480 18.057802 2.301834
v -0.724287 18.082275 1.796288
v -0.540592 18.057802 1.895301
v -0.631302 20.648663 1.621848
v -0.542902 18.082275 1.459488
v -0.359207 18.057802 1.558501
v -0.359207 20.577829 1.558501
v 0.487985 20.648663 2.226732
v 0.576386 18.082275 2.064371
v 0.392865 18.057802 1.965034
v 0.392865 20.577829 1.965034
v -0.351263 21.199575 1.772664
v -0.556266 20.966732 1.662258
v -0.071224 21.284803 1.923480
v 0.208817 21.199577 2.074297
v 0.413821 20.966734 2.184703
v -0.171033 20.974243 1.659843
v -0.308787 20.806700 1.585655
v 0.017142 21.035568 1.761185
v 0.205317 20.974243 1.862527
v 0.343071 20.806700 1.936715
v 0.471373 23.333639 2.281576
v 0.985429 23.328997 2.324844
v 0.952786 23.280514 2.731069
v 0.436128 23.279072 2.678550
v 0.984774 22.591112 2.327091
v 0.480668 22.590919 2.284674
v 0.102794 23.869925 2.823745
v 0.726916 23.578989 2.302312
v 0.687055 23.522678 2.776941
v 0.566866 23.523933 2.289017
v 0.890061 23.523916 2.316211
v 0.847474 23.471651 2.777400
v 0.529681 23.471319 2.746029
v 1.230670 23.279058 2.758020
v 1.236206 23.471703 2.815667
v 1.780875 23.921442 -2.634035
v 0.711104 23.921442 -2.744065
v 1.467448 23.333639 -2.281575
v 0.953391 23.328997 -2.324844
v 0.986035 23.280514 -2.731069
v 1.502693 23.279072 -2.678550
v 0.954046 22.591112 -2.327091
v 1.458152 22.590919 -2.284674
v 1.666097 22.590826 -2.262510
v 1.836027 23.869925 -2.823745
v 1.211904 23.578989 -2.302312
v 1.251766 23.522678 -2.776940
v 1.371954 23.523933 -2.289017
v 1.048759 23.523916 -2.316211
v 1.091347 23.471651 -2.777400
v 1.409140 23.471319 -2.746029
v 1.781610 23.279095 -2.650664
v 1.799158 23.471560 -2.707723
v -0.280822 23.333639 -1.972447
v -0.676750 23.328997 -1.641740
v -0.939187 23.280514 -1.953527
v -0.534905 23.279072 -2.279486
v -0.677865 22.591112 -1.643798
v -0.289611 22.590919 -1.968114
v -0.477100 23.578989 -1.807499
v -0.782504 23.522678 -2.172998
v -0.353953 23.523933 -1.910589
v -0.602872 23.523916 -1.702662
v -0.896888 23.471651 -2.060522
v -0.648872 23.471319 -2.261680
v 2.244631 23.921442 2.443445
v 3.082627 23.921442 1.769443
v 2.219642 23.333639 1.972446
v 2.615570 23.328997 1.641740
v 2.878007 23.280514 1.953526
v 2.473725 23.279072 2.279486
v 2.616685 22.591112 1.643798
v 2.228431 22.590919 1.968113
v 2.064993 22.590826 2.098576
v 2.338816 23.869925 2.617114
v 2.783174 22.591223 1.518651
v 3.233316 23.871178 1.891632
v 2.415919 23.578989 1.807499
v 2.721324 23.522678 2.172997
v 2.292773 23.523933 1.910589
v 2.541692 23.523916 1.702662
v 2.835708 23.471651 2.060522
v 2.587692 23.471319 2.261680
v 3.094540 23.279058 1.777289
v 2.255802 23.279095 2.455786
v 3.139012 23.471703 1.814384
v 2.283447 23.471560 2.508695
v 3.713241 23.921442 -0.260777
v 3.251433 23.333639 0.495982
v 3.294238 23.328997 -0.018113
v 3.700492 23.280514 0.014165
v 3.648439 23.279072 0.530870
v 3.296486 22.591112 -0.017460
v 3.254523 22.590919 0.486684
v 3.324389 22.591223 -0.223862
v 3.906062 23.871178 -0.282173
v 3.271939 23.578989 0.240420
v 3.746603 23.522678 0.279854
v 3.258788 23.523933 0.400482
v 3.285691 23.523916 0.077263
v 3.746919 23.471651 0.119435
v 3.715833 23.471319 0.437256
v 3.727194 23.279058 -0.263744
v 3.784836 23.471703 -0.269331
v -1.665355 23.921442 -0.809092
v -1.312613 23.333639 -0.495983
v -1.355419 23.328997 0.018112
v -1.761672 23.280514 -0.014165
v -1.709620 23.279072 -0.530870
v -1.357666 22.591112 0.017459
v -1.315704 22.590919 -0.486684
v -1.293727 22.590826 -0.694649
v -1.855114 23.869925 -0.864074
v -1.333120 23.578989 -0.240421
v -1.807784 23.522678 -0.279855
v -1.319968 23.523933 -0.400482
v -1.346872 23.523916 -0.077263
v -1.808099 23.471651 -0.119435
v -1.777014 23.471319 -0.437257
v -1.681984 23.279095 -0.809812
v -1.739059 23.471560 -0.827309
v -1.467767 23.921442 1.287162
v -0.789673 23.921442 2.121850
v -0.996896 23.333639 1.259869
v -0.664256 23.328997 1.654174
v -0.974755 23.280514 1.918133
v -1.302689 23.279072 1.515451
v -0.666308 22.591112 1.655298
v -0.992520 22.590919 1.268636
v -1.123780 22.590826 1.105839
v -1.640972 23.869925 1.382195
v -0.830990 23.578989 1.455337
v -1.194990 23.522678 1.762526
v -0.934681 23.523933 1.332695
v -0.725539 23.523916 1.580595
v -1.081956 23.471651 1.876358
v -1.284326 23.471319 1.629330
v -0.797460 23.279058 2.133801
v -1.480053 23.279095 1.298393
v -0.834337 23.471703 2.178454
v -1.532826 23.471560 1.326296
v 2.935715 23.333639 -1.259869
v 2.603075 23.328997 -1.654175
v 2.913574 23.280514 -1.918134
v 3.241508 23.279072 -1.515452
v 2.605127 22.591112 -1.655299
v 2.931339 22.590919 -1.268636
v 2.849942 23.871178 -2.273135
v 2.769809 23.578989 -1.455337
v 3.133809 23.522678 -1.762526
v 2.873500 23.523933 -1.332696
v 2.664358 23.523916 -1.580595
v 3.020775 23.471651 -1.876359
v 3.223144 23.471319 -1.629330
v 3.268010 23.333639 -0.412387
v 3.111394 23.328997 -0.903913
v 3.499222 23.280514 -1.029108
v 3.648287 23.279072 -0.531641
v 3.113720 22.591112 -0.904167
v 3.267318 22.590919 -0.422162
v 3.060748 22.591223 -1.105598
v 3.576150 23.871178 -1.381467
v 3.189441 23.578989 -0.656435
v 3.643233 23.522678 -0.801121
v 3.238365 23.523933 -0.503468
v 3.139890 23.523916 -0.812494
v 3.582307 23.471651 -0.949521
v 3.674857 23.471319 -0.643888
v 3.417851 23.279058 -1.296175
v 3.468999 23.471703 -1.323336
v -1.774723 23.921442 0.257582
v -1.329191 23.333639 0.412388
v -1.172575 23.328997 0.903913
v -1.560402 23.280514 1.029108
v -1.709467 23.279072 0.531641
v -1.174901 22.591112 0.904168
v -1.328499 22.590919 0.422162
v -1.387546 22.590826 0.221549
v -1.971104 23.869925 0.279175
v -1.250621 23.578989 0.656435
v -1.704413 23.522678 0.801121
v -1.299546 23.523933 0.503468
v -1.201071 23.523916 0.812494
v -1.643488 23.471651 0.949521
v -1.736037 23.471319 0.643889
v -1.790370 23.279095 0.263262
v -1.849802 23.471560 0.268870
v 1.381798 23.333639 2.298600
v 1.873323 23.328997 2.141984
v 1.998518 23.280514 2.529811
v 1.501051 23.279072 2.678876
v 1.873578 22.591112 2.144310
v 1.391572 22.590919 2.297909
v 1.190959 22.590826 2.356956
v 1.248585 23.869925 2.940513
v 1.625845 23.578989 2.220031
v 1.770531 23.522678 2.673823
v 1.472878 23.523933 2.268955
v 1.781904 23.523916 2.170480
v 1.918931 23.471651 2.612897
v 1.613299 23.471319 2.705447
v -0.318698 23.921442 -2.436677
v 0.557023 23.333639 -2.298600
v 0.065497 23.328997 -2.141984
v -0.059697 23.280514 -2.529812
v 0.437769 23.279072 -2.678877
v 0.065243 22.591112 -2.144311
v 0.547249 22.590919 -2.297909
v 0.747862 22.590826 -2.356956
v 0.690236 23.869925 -2.940514
v -0.136188 22.591223 -2.091338
v -0.412056 23.871178 -2.606740
v 0.312975 23.578989 -2.220031
v 0.168290 23.522678 -2.673823
v 0.465943 23.523933 -2.268955
v 0.156917 23.523916 -2.170480
v 0.019890 23.471651 -2.612897
v 0.325522 23.471319 -2.705447
v -0.326765 23.279058 -2.448441
v 0.706148 23.279095 -2.759779
v -0.353926 23.471703 -2.499589
v 0.700541 23.471560 -2.819211
v -1.148774 23.921442 -1.763494
v -0.944248 23.333639 -1.338484
v -1.182196 23.328997 -0.880765
v -1.544498 23.280514 -1.067370
v -1.297012 23.279072 -1.523927
v -1.184017 22.591112 -0.882234
v -0.950689 22.590919 -1.331100
v -0.850134 22.590826 -1.514459
v -1.302599 23.869925 -1.887468
v -1.061822 23.578989 -1.110649
v -1.484468 23.522678 -1.330265
v -0.987900 23.523933 -1.253226
v -1.137493 23.523916 -0.965448
v -1.546688 23.471651 -1.182402
v -1.395321 23.471319 -1.463587
v -1.163837 23.279095 -1.770578
v -1.209733 23.471560 -1.808752
v 3.601217 23.921442 0.818662
v 2.883068 23.333639 1.338484
v 3.121016 23.328997 0.880764
v 3.483318 23.280514 1.067369
v 3.235832 23.279072 1.523927
v 3.122837 22.591112 0.882234
v 2.889509 22.590919 1.331099
v 3.228257 22.591223 0.702603
v 3.787350 23.871178 0.873360
v 3.000642 23.578989 1.110649
v 3.423288 23.522678 1.330264
v 2.926720 23.523933 1.253226
v 3.076313 23.523916 0.965447
v 3.485507 23.471651 1.182402
v 3.334141 23.471319 1.463586
v 3.615233 23.279058 0.821311
v 3.670564 23.471703 0.838409
v 2.727668 23.921442 -2.122532
v 2.303164 23.333639 -1.916958
v 1.844859 23.328997 -2.153775
v 2.030568 23.280514 -2.516536
v 2.487736 23.279072 -2.270179
v 1.846324 22.591112 -2.155599
v 2.295764 22.590919 -1.923380
v 2.479371 22.590826 -1.823278
v 2.075040 23.578989 -2.033968
v 2.293611 23.522678 -2.457156
v 2.217798 23.523933 -1.960399
v 1.929652 23.523916 -2.109281
v 2.145595 23.471651 -2.519010
v 2.427153 23.471319 -2.368338
v 2.734715 23.279095 -2.137613
v 2.772775 23.471560 -2.183603
v -0.364345 23.333639 1.916957
v 0.093960 23.328997 2.153774
v -0.091749 23.280514 2.516536
v -0.548917 23.279072 2.270179
v 0.092495 22.591112 2.155599
v -0.356945 22.590919 1.923380
v -0.540552 22.590826 1.823277
v -0.912442 23.869925 2.276662
v 0.272386 22.591223 2.260575
v -0.136220 23.578989 2.033968
v -0.354792 23.522678 2.457156
v -0.278979 23.523933 1.960399
v 0.009167 23.523916 2.109281
v -0.206776 23.471651 2.519010
v -0.488333 23.471319 2.368337
v 0.154633 23.279058 2.647843
v 0.137672 23.471703 2.703216
v 0.517307 25.150576 2.362007
v 0.985993 25.150576 2.414714
v 0.443501 25.150576 2.732879
v 0.998767 25.150576 2.795323
v 0.998767 24.697754 2.795323
v 0.443501 24.697754 2.732879
v 0.985993 24.697754 2.414714
v 0.517307 24.697754 2.362007
v 0.751650 25.047701 2.388361
v 0.721134 25.047701 2.764101
v 1.487212 25.150576 2.348479
v 1.938596 25.150576 2.211740
v 1.565925 25.150576 2.718341
v 2.100693 25.150576 2.556343
v 2.100693 24.697754 2.556343
v 1.565925 24.697754 2.718341
v 1.938596 24.697754 2.211740
v 1.487212 24.697754 2.348479
v 1.712904 25.047701 2.280110
v 1.833309 25.047701 2.637342
v 2.286252 25.150576 2.012312
v 2.659828 25.150576 1.724414
v 2.490990 25.150576 2.330237
v 2.933577 25.150576 1.989155
v 2.933577 24.697754 1.989155
v 2.490990 24.697754 2.330237
v 2.659828 24.697754 1.724414
v 2.286252 24.697754 2.012312
v 2.473040 25.047701 1.868363
v 2.712283 25.047701 2.159696
v 2.968441 25.150576 1.336917
v 3.199646 25.150576 0.925833
v 3.281222 25.150576 1.549430
v 3.555136 25.150576 1.062408
v 3.555136 24.697754 1.062408
v 3.281222 24.697754 1.549430
v 3.199646 24.697754 0.925833
v 2.968441 24.697754 1.336917
v 3.084043 25.047701 1.131375
v 3.418179 25.047701 1.305919
v 3.324620 25.150576 0.486269
v 3.384111 25.150576 0.018396
v 3.694385 25.150576 0.565440
v 3.764865 25.150576 0.011137
v 3.764865 24.697754 0.011137
v 3.694385 24.697754 0.565440
v 3.384111 24.697754 0.018396
v 3.324620 24.697754 0.486269
v 3.354365 25.047701 0.252332
v 3.729625 25.047701 0.288288
v 3.327766 25.150576 -0.470777
v 3.200073 25.150576 -0.924803
v 3.699127 25.150576 -0.542085
v 3.547846 25.150576 -1.079983
v 3.547846 24.697754 -1.079983
v 3.699127 24.697754 -0.542085
v 3.200073 24.697754 -0.924803
v 3.327766 24.697754 -0.470777
v 3.263919 25.047701 -0.697790
v 3.623486 25.047701 -0.811034
v 2.974301 25.150576 -1.328113
v 2.684311 25.150576 -1.700068
v 3.291072 25.150576 -1.534632
v 2.947512 25.150576 -1.975298
v 2.947512 24.697754 -1.975298
v 3.291072 24.697754 -1.534632
v 2.684311 24.697754 -1.700068
v 2.974301 24.697754 -1.328113
v 2.829306 25.047701 -1.514091
v 3.119292 25.047701 -1.754965
v 2.308116 25.150576 -1.997834
v 1.897239 25.150576 -2.229406
v 2.520909 25.150576 -2.310425
v 2.034132 25.150576 -2.584775
v 2.034132 24.697754 -2.584775
v 2.520909 24.697754 -2.310425
v 1.897239 24.697754 -2.229406
v 2.308116 24.697754 -1.997834
v 2.102678 25.047701 -2.113620
v 2.277520 25.047701 -2.447600
v 1.463555 25.150576 -2.353570
v 0.995882 25.150576 -2.414626
v 1.543961 25.150576 -2.723068
v 0.989897 25.150576 -2.795402
v 0.989897 24.697754 -2.795402
v 1.543961 24.697754 -2.723068
v 0.995882 24.697754 -2.414626
v 1.463555 24.697754 -2.353570
v 1.229718 25.047701 -2.384098
v 1.266929 25.047701 -2.759235
v 0.511656 25.150576 -2.360918
v 0.056932 25.150576 -2.235733
v 0.442398 25.150576 -2.732667
v -0.096326 25.150576 -2.584357
v -0.096326 24.697754 -2.584357
v 0.442398 24.697754 -2.732667
v 0.056932 24.697754 -2.235733
v 0.511656 24.697754 -2.360918
v 0.284294 25.047701 -2.298326
v 0.173036 25.047701 -2.658512
v -0.329297 25.150576 -2.024064
v -0.705445 25.150576 -1.739534
v -0.531170 25.150576 -2.343815
v -0.976804 25.150576 -2.006725
v -0.976804 24.697754 -2.006725
v -0.531170 24.697754 -2.343815
v -0.705445 24.697754 -1.739534
v -0.329297 24.697754 -2.024064
v -0.517371 25.047701 -1.881799
v -0.753987 25.047701 -2.175270
v -1.027111 25.150576 -1.340662
v -1.259086 25.150576 -0.930013
v -1.339493 25.150576 -1.553762
v -1.614320 25.150576 -1.067254
v -1.614320 24.697754 -1.067254
v -1.339493 24.697754 -1.553762
v -1.259086 24.697754 -0.930013
v -1.027111 24.697754 -1.340662
v -1.143099 25.047701 -1.135338
v -1.476907 25.047701 -1.310508
v -1.393753 25.150576 -0.446019
v -1.445254 25.150576 0.022801
v -1.764815 25.150576 -0.518870
v -1.825828 25.150576 0.036555
v -1.825828 24.697754 0.036555
v -1.764815 24.697754 -0.518870
v -1.445254 24.697754 0.022801
v -1.393753 24.697754 -0.446019
v -1.419503 25.047701 -0.211609
v -1.795321 25.047701 -0.241158
v -1.388637 25.150576 0.472323
v -1.260647 25.150576 0.926266
v -1.759951 25.150576 0.543875
v -1.608318 25.150576 1.081673
v -1.608318 24.697754 1.081673
v -1.759951 24.697754 0.543875
v -1.260647 24.697754 0.926266
v -1.388637 24.697754 0.472323
v -1.324642 25.047701 0.699295
v -1.684134 25.047701 0.812774
v -1.034578 25.150576 1.329478
v -0.744334 25.150576 1.701236
v -1.351207 25.150576 1.536213
v -1.007348 25.150576 1.976645
v -1.007348 24.697754 1.976645
v -1.351207 24.697754 1.536213
v -0.744334 24.697754 1.701236
v -1.034578 24.697754 1.329478
v -0.889456 25.047701 1.515357
v -1.179278 25.047701 1.756429
v -0.377324 25.150576 1.992432
v 0.032617 25.150576 2.225655
v -0.591374 25.150576 2.304163
v -0.105705 25.150576 2.580470
v -0.105705 24.697754 2.580470
v -0.591374 24.697754 2.304163
v 0.032617 24.697754 2.225655
v -0.377324 24.697754 1.992432
v -0.172354 25.047701 2.109043
v -0.348539 25.047701 2.442317
v 3.050388 16.239988 1.124599
v 3.058539 15.743312 1.129004
v 2.931474 15.991648 1.354381
v 3.177446 15.991648 0.899232
v 2.971933 16.182175 1.270791
v 2.978925 15.801671 1.275339
v 3.129667 16.182169 0.978860
v 3.137302 15.801675 0.982217
v 3.044492 11.200233 1.327627
v 3.282294 7.650230 1.038116
v 3.216996 11.200233 1.008421
v 3.265336 16.721226 0.707973
v 3.291857 15.262027 0.716151
v 3.344900 12.343629 0.732503
v 3.371416 10.884429 0.740689
v 3.424458 7.966032 0.757045
v 3.450982 6.506834 0.765214
v 2.819641 16.721226 1.532696
v 2.841013 15.262027 1.550400
v 2.883760 12.343629 1.585805
v 2.905128 10.884429 1.603517
v 2.947873 7.966032 1.638926
v 2.969249 6.506834 1.656622
v 2.094008 16.239988 -2.080978
v 2.098413 15.743312 -2.089129
v 2.323791 15.991648 -1.962065
v 1.868642 15.991648 -2.208036
v 2.240201 16.182175 -2.002523
v 2.244749 15.801671 -2.009515
v 1.948270 16.182169 -2.160257
v 1.951627 15.801675 -2.167892
v 2.335390 7.650230 -2.135700
v 2.341160 6.822636 -2.144057
v 2.291267 12.027828 -2.066725
v 1.974002 12.027828 -2.238181
v 1.677377 16.721226 -2.295924
v 1.685555 15.262027 -2.322445
v 1.701913 12.343629 -2.375490
v 1.710087 10.884429 -2.402003
v 1.726442 7.966032 -2.455044
v 1.734624 6.506834 -2.481572
v 2.502100 16.721226 -1.850229
v 2.519804 15.262027 -1.871601
v 2.555215 12.343629 -1.914350
v 2.572915 10.884429 -1.935714
v 2.608324 7.966032 -1.978459
v 2.626032 6.506834 -1.999839
v -1.111569 16.239988 -1.124599
v -1.119719 15.743312 -1.129004
v -0.992655 15.991648 -1.354381
v -1.238626 15.991648 -0.899232
v -1.033114 16.182175 -1.270792
v -1.040105 15.801671 -1.275339
v -1.190847 16.182169 -0.978860
v -1.198483 15.801675 -0.982217
v -1.166291 7.650230 -1.365981
v -1.352880 6.822636 -1.041945
v -1.268772 12.027828 -1.004592
v -1.278177 11.200233 -1.008422
v -0.155189 16.239988 2.080978
v -0.159594 15.743312 2.089129
v -0.384972 15.991648 1.962065
v 0.070178 15.991648 2.208036
v -0.301382 16.182175 2.002523
v -0.305930 15.801671 2.009515
v -0.009450 16.182169 2.160257
v -0.012807 15.801675 2.167892
v -0.396571 7.650230 2.135700
v -0.352448 12.027828 2.066725
v -0.072536 6.822636 2.322290
v 0.253260 15.262027 2.322453
v 0.236907 12.343629 2.375490
v 0.204195 6.506834 2.481573
v -0.616395 12.343629 1.914350
v -0.669512 7.966032 1.978475
v -0.687212 6.506834 1.999839
v 3.186029 20.930094 0.735916
v 2.993314 21.075190 1.093755
v 2.800599 20.930094 1.451593
v 2.987493 18.180424 0.564438
v 3.238228 18.180424 0.699473
v 3.276632 20.617451 0.570470
v 2.711160 20.617451 1.617666
v 3.184222 21.131979 0.682955
v 1.705327 20.930094 -2.216619
v 2.063166 21.075190 -2.023904
v 2.421004 20.930094 -1.831189
v 1.533849 18.180424 -2.018084
v 1.668883 18.180424 -2.268819
v 1.539881 20.617451 -2.307223
v 2.587076 20.617451 -1.741750
v 1.652366 21.131979 -2.214812
v 2.484397 18.180424 -1.828861
v 2.447950 21.131979 -1.784864
v 0.752807 21.131979 -2.307576
v 3.018441 21.131979 -1.083186
v 0.747468 18.180424 -2.364458
v 3.068950 18.180424 -1.109887
v -1.247209 20.930094 -0.735917
v -1.054494 21.075190 -1.093756
v -0.861779 20.930094 -1.451594
v -1.048674 18.180424 -0.564439
v -0.608127 18.180424 -1.379635
v -0.860040 18.180424 -1.515304
v -1.337813 20.617451 -0.570471
v -0.772340 20.617451 -1.617666
v -1.299998 18.180424 -0.699791
v -1.245403 21.131979 -0.682956
v -0.815454 21.131979 -1.478541
v -1.338166 21.131979 0.216602
v -0.113776 21.131979 -2.049031
v -1.395048 18.180424 0.221942
v -0.140477 18.180424 -2.099540
v 0.178440 20.930094 2.186970
v -0.124346 21.075190 2.023904
v -0.427132 20.930094 1.860837
v -0.410226 18.180424 1.577536
v -0.545895 18.180424 1.829450
v 0.318337 20.617451 2.263814
v -0.567655 20.617451 1.785158
v 0.269618 18.180424 2.269408
v 0.286453 21.131979 2.214812
v -1.079622 21.131979 1.083186
v 1.191351 18.180424 2.364458
v -1.130131 18.180424 1.109887
v 3.455422 1.116017 -1.314187
v 3.769103 1.116017 -0.262795
v 3.656556 1.116017 0.828606
v 3.134916 1.116017 1.793858
v 2.283597 1.116017 2.486012
v 0.140805 1.116017 2.687147
v -0.824448 1.116017 2.165507
v -1.516602 1.116017 1.314188
v -1.830284 1.116017 0.262796
v -1.717737 1.116017 -0.828605
v -1.196096 1.116017 -1.793858
v -0.344777 1.116017 -2.486012
v 0.706616 1.116017 -2.799693
v 1.798017 1.116017 -2.687146
v 2.763269 1.116017 -2.165505
v 3.406087 23.921442 -1.288107
v 3.713544 23.921442 -0.257580
v 3.603231 23.921442 0.812162
v 3.091942 23.921442 1.758260
v 2.257517 23.921442 2.436678
v 1.226990 23.921442 2.744134
v 0.157248 23.921442 2.633821
v -0.788849 23.921442 2.122532
v -1.467267 23.921442 1.288108
v -1.664410 23.921442 -0.812161
v -1.153121 23.921442 -1.758259
v 0.711831 23.921442 -2.744133
v 1.781573 23.921442 -2.633820
v 3.751059 1.859100 -0.261101
v 3.439400 1.859100 -1.305717
v 3.639238 1.859100 0.823265
v 3.120960 1.859100 1.782297
v 2.275127 1.859100 2.469990
v 1.230511 1.859100 2.781650
v -0.812887 1.859100 2.151550
v -1.500580 1.859100 1.305718
v -1.812240 1.859100 0.261102
v -1.700419 1.859100 -0.823265
v -1.182140 1.859100 -1.782297
v -0.336307 1.859100 -2.469990
v 0.708310 1.859100 -2.781650
v 1.792676 1.859100 -2.669828
v 2.751708 1.859100 -2.151548
v 3.745316 2.095613 -0.260562
v 3.434300 2.095613 -1.303022
v 3.633726 2.095613 0.821566
v 3.116517 2.095613 1.778617
v 2.272431 2.095613 2.464891
v 1.229972 2.095613 2.775907
v 0.147845 2.095613 2.664316
v -0.809207 2.096215 2.147108
v -1.495481 2.096215 1.303022
v -1.806497 2.095613 0.260563
v -1.694906 2.095613 -0.821565
v -1.177698 2.095613 -1.778617
v -0.333611 2.095613 -2.464891
v 0.708849 2.095613 -2.775907
v 1.790977 2.095613 -2.664315
v 2.748029 2.095613 -2.147106
v 3.643831 2.096817 -0.251036
v 3.344186 2.096817 -1.255384
v 3.536320 2.096817 0.791530
v 3.038020 2.096817 1.713592
v 2.224794 2.096817 2.374776
v 1.220446 2.096817 2.674421
v 0.177881 2.096817 2.566911
v -0.744182 2.096215 2.068612
v -1.405366 2.096215 1.255385
v -1.705012 2.096817 0.251037
v -1.597501 2.096817 -0.791529
v -1.099201 2.096817 -1.713592
v -0.285973 2.096817 -2.374776
v 0.718375 2.096817 -2.674421
v 1.760941 2.096817 -2.566910
v 2.683003 2.096817 -2.068609
v 3.478101 23.921442 -1.326176
v 3.794644 23.921442 -0.265192
v 3.681071 23.921442 0.836165
v 3.154671 23.921442 1.810223
v 2.295586 23.921442 2.508692
v 1.234602 23.921442 2.825235
v 0.133246 23.921442 2.711662
v -0.840813 23.921442 2.185262
v -1.539282 23.921442 1.326177
v -1.855825 23.921442 0.265193
v -1.742251 23.921442 -0.836165
v -1.215852 23.921442 -1.810224
v -0.356766 23.921442 -2.508692
v 0.704219 23.921442 -2.825235
v 1.805576 23.921442 -2.711661
v 2.779635 23.921442 -2.185260
v 3.478101 24.322010 -1.326176
v 3.794644 24.322010 -0.265192
v 3.681071 24.322010 0.836165
v 3.154671 24.322010 1.810223
v 2.295586 24.322010 2.508692
v 1.234602 24.322010 2.825235
v 0.133246 24.322010 2.711662
v -0.840813 24.322010 2.185262
v -1.539282 24.322010 1.326177
v -1.855825 24.322010 0.265193
v -1.742251 24.322010 -0.836165
v -1.215852 24.322010 -1.810224
v -0.356766 24.322010 -2.508692
v 0.704219 24.322010 -2.825235
v 1.805576 24.322010 -2.711661
v 2.779635 24.322010 -2.185260
v 3.626228 24.312616 -1.404481
v 3.961462 24.312616 -0.280851
v 3.841182 24.312616 0.885536
v 3.283701 24.312616 1.917109
v 2.373891 24.312616 2.656819
v 1.250261 24.312616 2.992052
v 0.083874 24.312616 2.871773
v -0.947698 24.312616 2.314292
v -1.687409 24.312616 1.404482
v -2.022642 24.312616 0.280851
v -1.902363 24.312616 -0.885536
v -1.344882 24.312616 -1.917109
v -0.435070 24.312616 -2.656819
v 0.688560 24.312616 -2.992052
v 1.854948 24.312616 -2.871772
v 2.886520 24.312616 -2.314290
v 3.961462 24.707146 -0.280851
v 3.626228 24.707146 -1.404481
v 3.841182 24.707146 0.885536
v 3.283701 24.707146 1.917109
v 2.373891 24.707146 2.656819
v 1.250261 24.707146 2.992052
v 0.083874 24.707146 2.871773
v -0.947698 24.707146 2.314292
v -1.687409 24.707146 1.404482
v -2.022642 24.707146 0.280851
v -1.902363 24.707146 -0.885536
v -1.344882 24.707146 -1.917109
v -0.435070 24.707146 -2.656819
v 0.688560 24.707146 -2.992052
v 1.854948 24.707146 -2.871772
v 2.886520 24.707146 -2.314290
v 3.374666 24.697754 -0.225771
v 3.105178 24.697754 -1.129037
v 3.277976 24.697754 0.711867
v 2.829827 24.697754 1.541129
v 2.098447 24.697754 2.135768
v 1.195181 24.697754 2.405256
v 0.257544 24.697754 2.308566
v -0.571719 24.697754 1.860418
v -1.166358 24.697754 1.129038
v -1.435847 24.697754 0.225771
v -1.339156 24.697754 -0.711866
v -0.891007 24.697754 -1.541129
v -0.159626 24.697754 -2.135768
v 0.743640 24.697754 -2.405256
v 1.681278 24.697754 -2.308565
v 2.510540 24.697754 -1.860416
v 3.374666 23.766363 -0.225771
v 3.105178 23.766363 -1.129037
v 3.277976 23.766363 0.711867
v 2.829827 23.766363 1.541129
v 2.098447 23.766363 2.135768
v 1.195181 23.766363 2.405256
v 0.257544 23.766363 2.308566
v -0.571719 23.766363 1.860418
v -1.166358 23.766363 1.129038
v -1.435847 23.766363 0.225771
v -1.339156 23.766363 -0.711866
v -0.891007 23.766363 -1.541129
v -0.159626 23.766363 -2.135768
v 0.743640 23.766363 -2.405256
v 1.681278 23.766363 -2.308565
v 2.510540 23.766363 -1.860416
v 3.276986 21.131979 -0.216602
v 3.333868 18.180424 -0.221941
v 2.798270 18.180424 1.514988
v 2.052595 21.131979 2.049032
v 2.079296 18.180424 2.099541
v 0.146145 1.859100 2.669829
v 1.232205 1.116017 2.799693
v -1.512597 1.301787 1.312071
v -0.815777 1.673329 2.155040
v 0.144810 1.673329 2.674158
v 1.231782 1.301787 2.795182
v 0.757619 1.301787 3.675620
v -0.332023 1.301787 3.563255
v -1.295720 1.301787 3.042455
v -1.986759 1.301787 2.192508
v 0.758042 1.116017 3.680130
v -1.990765 1.116017 2.194625
v -0.333358 1.116017 3.567584
v -1.298611 1.116017 3.045944
v -0.205403 1.302574 3.328044
v -1.169101 1.302574 2.807244
v -0.204068 1.488345 3.323714
v -1.166210 1.488345 2.803755
v -0.071683 1.674681 3.075975
v -1.032270 1.674681 2.556857
v -0.073018 1.489181 3.080305
v -1.035160 1.489181 2.560346
v -0.930567 1.671948 2.368361
v 0.030020 1.671948 2.887480
v 0.031355 1.857718 2.883150
v -0.927677 1.857718 2.364872
v -1.160181 1.673329 1.731438
v 0.687872 1.673329 2.730160
v 0.498207 1.673329 3.082335
v -1.349847 1.673329 2.083612
v 0.497751 1.487829 3.086755
v -1.353294 1.487829 2.086416
v -1.341992 1.487829 1.505764
v 0.976185 1.487829 2.758230
v 0.627965 1.301787 3.409291
v -1.693958 1.301787 2.154799
v 0.627990 1.487829 3.404766
v -1.690186 1.487829 2.152299
v -1.341992 1.301787 1.505764
v -1.160181 1.487829 1.731438
v 0.976185 1.301787 2.758230
v 0.687872 1.487829 2.730160
v 2.202715 4.537419 2.333010
v 0.189385 4.113701 2.529604
v -0.719277 4.113701 2.038547
v -1.363600 4.537419 1.233306
v -1.552356 4.537419 -0.777609
v -0.263895 4.537419 -2.333011
v 0.722790 4.537419 -2.627386
v 2.652866 4.537419 -2.032228
v 0.357243 4.113701 2.218996
v -0.551418 4.113701 1.727938
v -0.576323 1.859100 1.758003
v 0.345739 1.859100 2.256302
v 3.596796 4.537419 -0.246621
v 3.302420 4.537419 -1.233305
v 3.491176 4.537419 0.777609
v 3.001640 4.537419 1.683455
v 1.216031 4.537419 2.627386
v 0.193348 4.808597 2.516750
v -0.710696 4.808597 2.028188
v -1.657976 4.537419 0.246622
v -1.062820 4.537419 -1.683455
v 1.747020 4.537419 -2.521765
v -0.658361 4.371916 2.071353
v -0.490563 4.371661 1.760713
v -0.491935 4.560942 2.160982
v -0.324301 4.560501 1.850253
v -0.264593 4.630131 2.283418
v -0.097183 4.629622 1.972568
v -0.037251 4.560943 2.405854
v 0.129934 4.560502 2.094883
v 0.129175 4.371917 2.495484
v 0.296197 4.371662 2.184424
v 3.376156 15.991627 -0.225911
v 3.460726 11.614029 -0.233841
v 3.545302 7.236433 -0.241780
v 3.106501 15.991627 -1.129736
v 3.181596 11.614029 -1.169428
v 3.256695 7.236433 -1.209128
v 1.195321 15.991627 2.406745
v 1.203255 11.682404 2.491329
v 1.211194 7.304807 2.575904
v 0.261438 16.721226 2.295933
v 0.228725 10.884429 2.402019
v 0.212369 7.966032 2.455060
v -0.563284 16.721226 1.850237
v -0.580988 15.262027 1.871610
v -0.634103 10.884429 1.935730
v -1.437335 15.991627 0.225911
v -1.521915 11.702065 0.233858
v -1.606490 7.324470 0.241797
v -0.881258 16.721226 -1.533047
v -0.903064 15.262027 -1.551111
v -0.946673 12.343629 -1.587242
v -0.968483 10.884429 -1.605297
v -1.012094 7.966032 -1.641424
v -1.033896 6.506834 -1.659495
v 0.743500 15.991627 -2.406745
v 0.735558 11.614029 -2.491313
v 0.727619 7.236433 -2.575888
v -0.160325 15.991627 -2.137091
v -0.200030 11.614029 -2.212182
v -0.239730 7.236433 -2.287282
v -1.327058 16.721226 -0.708131
v -1.354117 15.262027 -0.716475
v -1.408231 12.343629 -0.733167
v -1.435294 10.884429 -0.741502
v -1.489411 7.966032 -0.758190
v -1.516465 6.506834 -0.766541
v -1.167681 15.991627 1.129737
v -1.242784 11.702065 1.169444
v -1.317883 7.324470 1.209145
v 2.099146 15.991627 2.137091
v 2.138842 11.682404 2.212198
v 2.178542 7.304807 2.287297
v 0.138332 4.385090 2.573586
v -0.044875 4.593176 2.474919
v -0.295140 4.669340 2.340138
v -0.545404 4.593175 2.205357
v -0.728610 4.385089 2.106691
v -0.795668 4.100840 2.070576
v 0.205390 4.100840 2.609700
v 0.291251 4.491135 2.655941
v 0.381966 4.106606 2.704796
v 0.043413 4.772629 2.522467
v -0.295140 4.875662 2.340138
v -0.633692 4.772628 2.157809
v -0.881529 4.491133 2.024335
v -0.972244 4.106606 1.975481
v -0.816878 4.491133 1.904289
v -0.889736 4.106606 1.822278
v -0.748793 4.100840 1.983537
v -0.595276 4.772628 2.086478
v -0.256724 4.875662 2.268806
v 0.081829 4.772629 2.451135
v 0.355902 4.491135 2.535895
v 0.464474 4.106606 2.551594
v 0.252265 4.100840 2.522661
v -0.691458 4.385089 2.037707
v -0.508252 4.593175 2.136373
v -0.257987 4.669340 2.271154
v -0.007723 4.593176 2.405935
v 0.175484 4.385090 2.504601
v 0.293782 4.101708 2.509305
v 0.442038 4.105737 2.529519
v -0.760490 4.101708 1.941523
v -0.858958 4.105737 1.828862
v -0.924020 4.105737 1.949671
v 0.376976 4.105737 2.650328
v 0.251769 4.101708 2.587317
v -0.802504 4.101708 2.019535
v 0.227603 2.070042 2.632189
v 0.376976 2.070042 2.650328
v -0.924020 2.070042 1.949671
v -0.826670 2.070042 2.064407
v -0.885966 2.070042 1.879013
v -0.787499 2.070042 1.991673
v 0.415030 2.070042 2.579669
v 0.266774 2.070042 2.559456
v 3.261375 22.048729 -0.215137
v 3.262780 21.869083 -0.215268
v 3.004580 22.048729 -1.075857
v 3.005828 21.869083 -1.076517
v 3.169239 22.048729 0.678337
v 3.170587 21.869083 0.678753
v 2.742199 22.048729 1.468540
v 2.743285 21.869083 1.469440
v 2.045268 22.048729 2.035171
v 2.045927 21.869083 2.036418
v 1.184547 22.048729 2.291965
v 1.184679 21.869083 2.293370
v 0.291074 22.048729 2.199829
v 0.290658 21.869083 2.201178
v -0.499129 22.048729 1.772789
v -0.500029 21.869083 1.773876
v -1.065760 22.048729 1.075858
v -1.067008 21.869083 1.076518
v -1.322555 22.048729 0.215137
v -1.323960 21.869083 0.215269
v -1.230419 22.048729 -0.678336
v -1.231767 21.869083 -0.678752
v -0.803378 22.048729 -1.468539
v -0.804465 21.869083 -1.469440
v -0.106447 22.048729 -2.035170
v -0.107107 21.869083 -2.036418
v 0.754274 22.048729 -2.291965
v 0.754142 21.869083 -2.293370
v 1.647748 22.048729 -2.199828
v 1.648164 21.869083 -2.201177
v 2.437951 22.048729 -1.772788
v 2.438851 21.869083 -1.773874
v 2.514416 22.050627 -1.865095
v 3.110550 22.050627 -1.131876
v 2.515363 21.867186 -1.866238
v 3.111862 21.867186 -1.132570
v 1.683068 22.050627 -2.314371
v 1.683506 21.867186 -2.315790
v 0.743072 22.050627 -2.411306
v 0.742933 21.867186 -2.412784
v -0.162466 22.050627 -2.141140
v -0.163160 21.867186 -2.142452
v -0.895685 22.050627 -1.545005
v -0.896829 21.867186 -1.545952
v -1.344962 22.050627 -0.713657
v -1.346380 21.867186 -0.714094
v -1.441895 22.050627 0.226339
v -1.443373 21.867186 0.226478
v -1.171729 22.050627 1.131877
v -1.173042 21.867186 1.132571
v -0.575594 22.050627 1.865096
v -0.576542 21.867186 1.866240
v 0.255753 22.050627 2.314372
v 0.255316 21.867186 2.315791
v 1.195749 22.050627 2.411306
v 1.195887 21.867186 2.412784
v 2.101286 22.050627 2.141140
v 2.101980 21.867186 2.142453
v 2.834506 22.050627 1.545005
v 2.835649 21.867186 1.545952
v 3.283782 22.050627 0.713657
v 3.285201 21.867186 0.714095
v 3.380716 22.050627 -0.226339
v 3.382194 21.867186 -0.226477
v 1.186012 21.131979 2.307576
v 2.754273 21.131979 1.478542
v -0.509131 21.131979 1.784863
v 2.433150 22.346869 -1.767126
v 1.645190 22.346869 -2.192849
v 0.754883 22.346869 -2.284566
v -0.102662 22.347115 -2.027833
v -0.795906 22.346869 -1.465919
v -1.223743 22.346869 -0.674791
v -1.315156 22.346869 0.214528
v -1.059366 22.346869 1.072069
v -0.494329 22.346869 1.767126
v 0.293631 22.346869 2.192850
v 1.183937 22.346869 2.284566
v 2.036508 22.346869 2.031387
v 2.732018 22.347115 1.467863
v 3.160536 22.347115 0.678530
v 3.253021 22.347115 -0.215777
v 2.997242 22.347115 -1.072072
v 0.258614 4.189120 2.166302
v 0.107865 4.360340 2.085115
v -0.098062 4.423011 1.974213
v -0.303989 4.360339 1.863310
v -0.454737 4.189119 1.782124
v 0.303534 1.910992 2.231473
v -0.532496 1.910992 1.779668
v -0.509915 3.955228 1.752408
v 0.313964 3.955228 2.197647
v -0.553772 3.955228 1.833843
v -0.559896 1.910991 1.830545
v 0.270748 3.955228 2.277892
v 0.276784 1.910991 2.281142
v -0.490043 4.189119 1.847681
v -0.339294 4.360339 1.928867
v -0.133368 4.423011 2.039769
v 0.072559 4.360340 2.150672
v 0.223308 4.189120 2.231858
v 0.134126 2.533559 2.311392
v 0.138291 3.332661 2.302719
v 0.079926 2.533559 2.281771
v 0.084879 3.332661 2.273529
v 0.106973 2.603698 2.231551
v 0.111925 3.262522 2.223308
v 0.161172 2.603698 2.261172
v 0.165337 3.262522 2.252498
v 0.124847 3.262522 2.199316
v 0.178436 3.262522 2.228177
v 0.178828 2.603698 2.228388
v 0.124448 2.603698 2.199101
v 0.178436 3.332661 2.228177
v 0.178828 2.533559 2.228388
v 0.124448 2.533559 2.199101
v 0.124847 3.332661 2.199316
v 0.436479 23.830940 -0.781769
v 0.057177 23.830940 -0.078426
v 0.111556 23.830940 -0.049139
v 0.490068 23.830940 -0.752909
v 0.090434 23.830940 -0.140178
v 0.144813 23.830940 -0.110892
v 0.456811 23.830940 -0.691156
v 0.403222 23.830940 -0.720017
v 0.456811 23.858566 -0.691156
v 0.144813 23.868176 -0.110892
v 0.403222 23.858191 -0.720017
v 0.090433 23.867796 -0.140178
v 0.436478 23.915230 -0.781770
v 0.057177 23.924837 -0.078426
v 0.490068 23.915606 -0.752909
v 0.111556 23.925215 -0.049139
v -0.085686 23.830940 0.551746
v 0.877578 23.830940 -1.251325
v -0.922366 23.830940 0.101149
v 0.053058 23.830940 -1.695373
v 0.877578 23.739798 -1.251325
v 0.053058 23.738445 -1.695373
v -0.922366 23.773153 0.101149
v -0.085686 23.774525 0.551746
v 0.203959 19.403427 1.971480
v 0.203612 18.705687 1.971293
v 0.251094 18.705687 1.996865
v 0.250751 19.403427 1.996680
v 0.203612 18.766928 1.971293
v 0.251094 18.766928 1.996865
v 0.250751 19.342184 1.996680
v 0.203959 19.342184 1.971480
v 0.239314 19.342184 2.017917
v 0.235677 18.766928 2.025490
v 0.192677 19.342184 1.992429
v 0.188353 18.766928 1.999626
v 0.169061 19.403427 2.036279
v 0.164737 18.705687 2.043477
v 0.215699 19.403427 2.061767
v 0.212062 18.705687 2.069340
v 0.289932 20.151249 1.999895
v 0.158304 20.300751 1.929007
v -0.021502 20.355473 1.832171
v -0.201308 20.300751 1.735336
v -0.332935 20.151247 1.664448
v 0.336625 18.162088 2.042928
v 0.331354 19.947023 2.040089
v -0.393928 18.162088 1.649486
v -0.388580 19.947023 1.652365
v 0.369089 19.947023 1.970023
v -0.350286 19.947023 1.581260
v -0.370003 18.162088 1.605062
v 0.359981 18.162088 1.999558
v -0.302107 20.151247 1.607207
v -0.170480 20.300751 1.678095
v 0.009326 20.355473 1.774930
v 0.189132 20.300751 1.871765
v 0.320759 20.151249 1.942654
v -0.973244 20.151251 -0.648651
v -0.902356 20.300753 -0.780278
v -0.805520 20.355474 -0.960084
v -0.708685 20.300753 -1.139890
v -0.637797 20.151251 -1.271517
v -1.030149 18.162090 -0.609429
v -0.635652 18.162090 -1.339413
v -0.611850 19.947027 -1.319696
v -1.000613 19.947027 -0.600321
v -0.682956 19.947027 -1.357990
v -0.680076 18.162090 -1.363338
v -1.070679 19.947027 -0.638055
v -1.073518 18.162090 -0.632785
v -0.695038 20.151251 -1.302345
v -0.765926 20.300753 -1.170718
v -0.862762 20.355474 -0.990912
v -0.959597 20.300753 -0.811106
v -1.030485 20.151251 -0.679478
v -1.099930 18.705688 -0.757348
v -1.092357 19.403429 -0.753711
v -1.074067 18.705688 -0.804673
v -1.066869 19.403429 -0.800348
v -1.030217 18.766930 -0.781057
v -1.023019 19.342186 -0.776733
v -1.056080 18.766930 -0.733732
v -1.048507 19.342186 -0.730096
v -1.002070 19.342186 -0.765450
v -1.027270 19.342186 -0.718659
v -1.027455 18.766930 -0.718316
v -1.001883 18.766930 -0.765798
v -1.027270 19.403429 -0.718659
v -1.027455 18.705688 -0.718316
v -1.001883 18.705688 -0.765798
v -1.002070 19.403429 -0.765450
v 1.734860 19.403431 -1.971480
v 1.735208 18.705690 -1.971293
v 1.687726 18.705690 -1.996864
v 1.688068 19.403431 -1.996680
v 1.735208 18.766933 -1.971293
v 1.687726 18.766933 -1.996864
v 1.688068 19.342188 -1.996680
v 1.734860 19.342188 -1.971480
v 1.699506 19.342188 -2.017917
v 1.703142 18.766933 -2.025490
v 1.746142 19.342188 -1.992429
v 1.750467 18.766933 -1.999626
v 1.769758 19.403431 -2.036279
v 1.774083 18.705690 -2.043476
v 1.723121 19.403431 -2.061767
v 1.726758 18.705690 -2.069340
v 1.648888 20.151255 -1.999895
v 1.780515 20.300755 -1.929006
v 1.960322 20.355478 -1.832171
v 2.140127 20.300755 -1.735336
v 2.271754 20.151253 -1.664448
v 1.602195 18.162092 -2.042928
v 1.607465 19.947029 -2.040089
v 2.332748 18.162092 -1.649486
v 2.327400 19.947029 -1.652365
v 1.569731 19.947029 -1.970023
v 2.289106 19.947029 -1.581260
v 2.308823 18.162092 -1.605062
v 1.578838 18.162092 -1.999558
v 2.240927 20.151253 -1.607207
v 2.109300 20.300755 -1.678095
v 1.929494 20.355478 -1.774930
v 1.749688 20.300755 -1.871765
v 1.618060 20.151255 -1.942654
v 2.912063 20.151257 0.648651
v 2.841175 20.300758 0.780278
v 2.744340 20.355480 0.960084
v 2.647505 20.300758 1.139890
v 2.576617 20.151255 1.271517
v 2.968968 18.162096 0.609429
v 2.574472 18.162096 1.339413
v 2.550669 19.947033 1.319696
v 2.939433 19.947033 0.600321
v 2.621775 19.947033 1.357990
v 2.618895 18.162096 1.363338
v 3.009499 19.947033 0.638055
v 3.012337 18.162096 0.632785
v 2.633858 20.151255 1.302345
v 2.704746 20.300758 1.170718
v 2.801581 20.355480 0.990912
v 2.898416 20.300758 0.811106
v 2.969305 20.151257 0.679478
v 3.038750 18.705694 0.757348
v 3.031176 19.403435 0.753712
v 3.012886 18.705694 0.804673
v 3.005689 19.403435 0.800349
v 2.969036 18.766935 0.781057
v 2.961839 19.342192 0.776733
v 2.994900 18.766935 0.733732
v 2.987327 19.342192 0.730096
v 2.940890 19.342192 0.765450
v 2.966090 19.342192 0.718659
v 2.966274 18.766935 0.718316
v 2.940703 18.766935 0.765798
v 2.966090 19.403435 0.718659
v 2.966274 18.705694 0.718316
v 2.940703 18.705694 0.765798
v 2.940890 19.403435 0.765450
v -0.085686 23.830940 0.551746
v 0.877578 23.830940 -1.251325
v -0.922366 23.830940 0.101149
v 0.053058 23.830940 -1.695373
v 3.113467 6.822636 1.371750
v 3.113467 6.822636 1.371750
v 3.105110 7.650230 1.365980
v 3.105110 7.650230 1.365980
v 3.291700 6.822636 1.041945
v 3.291700 6.822636 1.041945
v 3.207591 12.027828 1.004592
v 3.207591 12.027828 1.004592
v 3.036135 12.027828 1.321857
v 3.036135 12.027828 1.321857
v 3.126462 11.200233 0.959664
v 3.126462 11.200233 0.959664
v 3.117057 12.027828 0.955835
v 3.117057 12.027828 0.955835
v 3.201166 6.822636 0.993188
v 3.201166 6.822636 0.993188
v 3.191760 7.650230 0.989358
v 3.191760 7.650230 0.989358
v 2.945601 12.027828 1.273100
v 2.945601 12.027828 1.273100
v 2.953958 11.200233 1.278870
v 2.953958 11.200233 1.278870
v 3.014576 7.650230 1.317223
v 3.014576 7.650230 1.317223
v 3.022933 6.822636 1.322993
v 3.022933 6.822636 1.322993
v 3.079645 16.278120 1.140282
v 3.170397 16.211418 0.971772
v 2.988889 16.211426 1.308800
v 3.079638 15.705140 1.140295
v 2.988512 15.772465 1.309500
v 3.170760 15.772469 0.971097
v 2.938138 15.991627 1.403037
v 3.221138 15.991627 0.877554
v 3.079600 16.169073 1.140365
v 3.135790 16.127773 1.036030
v 3.023407 16.127777 1.244706
v 3.079595 15.814303 1.140374
v 3.023173 15.855989 1.245140
v 3.136015 15.855991 1.035612
v 2.991983 15.991686 1.303054
v 3.167207 15.991686 0.977693
v 3.023158 16.127773 0.975372
v 2.966968 16.169073 1.079707
v 2.910774 16.127777 1.184048
v 2.910541 15.855989 1.184481
v 2.966963 15.814303 1.079715
v 3.023383 15.855991 0.974954
v 2.879351 15.991686 1.242396
v 3.054575 15.991686 0.917035
v 2.011355 6.822636 -2.322290
v 2.011355 6.822636 -2.322290
v 2.007525 7.650230 -2.312884
v 2.007525 7.650230 -2.312884
v 1.977831 11.200233 -2.247586
v 1.977831 11.200233 -2.247586
v 2.297037 11.200233 -2.075082
v 2.297037 11.200233 -2.075082
v 1.929074 11.200233 -2.157053
v 1.929074 11.200233 -2.157053
v 1.925245 12.027828 -2.147647
v 1.925245 12.027828 -2.147647
v 1.962598 6.822636 -2.231756
v 1.962598 6.822636 -2.231756
v 1.958768 7.650230 -2.222351
v 1.958768 7.650230 -2.222351
v 2.242510 12.027828 -1.976191
v 2.242510 12.027828 -1.976191
v 2.248280 11.200233 -1.984548
v 2.248280 11.200233 -1.984548
v 2.286633 7.650230 -2.045166
v 2.286633 7.650230 -2.045166
v 2.292403 6.822636 -2.053523
v 2.292403 6.822636 -2.053523
v 2.109692 16.278120 -2.110235
v 1.941182 16.211418 -2.200987
v 2.278210 16.211426 -2.019479
v 2.109705 15.705140 -2.110228
v 2.278910 15.772465 -2.019102
v 1.940507 15.772469 -2.201350
v 2.372447 15.991627 -1.968728
v 1.846964 15.991627 -2.251728
v 2.109776 16.169073 -2.110190
v 2.005440 16.127773 -2.166380
v 2.214116 16.127777 -2.053997
v 2.109784 15.814303 -2.110186
v 2.214550 15.855989 -2.053764
v 2.005022 15.855991 -2.166605
v 2.272464 15.991686 -2.022573
v 1.947103 15.991686 -2.197798
v 1.944782 16.127773 -2.053748
v 2.049117 16.169073 -1.997558
v 2.153458 16.127777 -1.941365
v 2.153891 15.855989 -1.941131
v 2.049125 15.814303 -1.997553
v 1.944364 15.855991 -2.053973
v 2.211806 15.991686 -1.909941
v 1.886445 15.991686 -2.085166
v -1.105673 11.200233 -1.327627
v -1.105673 11.200233 -1.327627
v -1.097316 12.027828 -1.321858
v -1.097316 12.027828 -1.321858
v -1.187643 11.200233 -0.959664
v -1.187643 11.200233 -0.959664
v -1.178238 12.027828 -0.955835
v -1.178238 12.027828 -0.955835
v -1.252941 7.650230 -0.989358
v -1.252941 7.650230 -0.989358
v -1.262347 6.822636 -0.993188
v -1.262347 6.822636 -0.993188
v -1.343475 7.650230 -1.038116
v -1.343475 7.650230 -1.038116
v -1.006782 12.027828 -1.273100
v -1.006782 12.027828 -1.273100
v -1.015139 11.200233 -1.278870
v -1.015139 11.200233 -1.278870
v -1.075757 7.650230 -1.317223
v -1.075757 7.650230 -1.317223
v -1.084114 6.822636 -1.322993
v -1.084114 6.822636 -1.322993
v -1.174648 6.822636 -1.371750
v -1.174648 6.822636 -1.371750
v -1.140826 16.278120 -1.140282
v -1.231577 16.211418 -0.971772
v -1.050069 16.211426 -1.308801
v -1.140818 15.705140 -1.140295
v -1.049692 15.772465 -1.309500
v -1.231941 15.772469 -0.971097
v -0.999318 15.991627 -1.403037
v -1.282319 15.991627 -0.877554
v -1.140781 16.169073 -1.140366
v -1.196971 16.127773 -1.036030
v -1.084587 16.127777 -1.244707
v -1.140776 15.814303 -1.140374
v -1.084354 15.855989 -1.245140
v -1.197196 15.855991 -1.035613
v -1.053164 15.991686 -1.303055
v -1.228388 15.991686 -0.977694
v -1.084338 16.127773 -0.975372
v -1.028148 16.169073 -1.079707
v -0.971955 16.127777 -1.184048
v -0.971722 15.855989 -1.184481
v -1.028144 15.814303 -1.079715
v -1.084564 15.855991 -0.974954
v -0.940532 15.991686 -1.242396
v -1.115756 15.991686 -0.917035
v -0.039012 11.200233 2.247586
v -0.039012 11.200233 2.247586
v -0.035182 12.027828 2.238181
v -0.035182 12.027828 2.238181
v -0.358218 11.200233 2.075082
v -0.358218 11.200233 2.075082
v 0.009745 11.200233 2.157053
v 0.009745 11.200233 2.157053
v 0.013575 12.027828 2.147647
v 0.013575 12.027828 2.147647
v -0.019949 7.650230 2.222351
v -0.019949 7.650230 2.222351
v -0.023778 6.822636 2.231756
v -0.023778 6.822636 2.231756
v -0.068706 7.650230 2.312884
v -0.068706 7.650230 2.312884
v -0.303691 12.027828 1.976191
v -0.303691 12.027828 1.976191
v -0.309460 11.200233 1.984548
v -0.309460 11.200233 1.984548
v -0.347814 7.650230 2.045166
v -0.347814 7.650230 2.045166
v -0.353583 6.822636 2.053523
v -0.353583 6.822636 2.053523
v -0.402340 6.822636 2.144057
v -0.402340 6.822636 2.144057
v -0.170872 16.278120 2.110235
v -0.002362 16.211418 2.200987
v -0.339391 16.211426 2.019479
v -0.170886 15.705140 2.110228
v -0.340090 15.772465 2.019102
v -0.001687 15.772469 2.201350
v -0.433627 15.991627 1.968728
v 0.091856 15.991627 2.251729
v -0.170956 16.169073 2.110190
v -0.066621 16.127773 2.166380
v -0.275297 16.127777 2.053997
v -0.170964 15.814303 2.110186
v -0.275730 15.855989 2.053764
v -0.066203 15.855991 2.166605
v -0.333645 15.991686 2.022573
v -0.008284 15.991686 2.197798
v -0.005962 16.127773 2.053748
v -0.110297 16.169073 1.997558
v -0.214638 16.127777 1.941365
v -0.215072 15.855989 1.941131
v -0.110306 15.814303 1.997553
v -0.005544 15.855991 2.053973
v -0.272986 15.991686 1.909941
v 0.052375 15.991686 2.085166
v 0.892712 18.249846 -2.347839
v 1.591697 18.249846 -3.645728
v 2.853964 18.249846 -1.338390
v 3.408182 18.249846 -2.367476
v 1.090712 18.249846 -2.287996
v 1.644930 18.249846 -3.317082
v 3.711880 18.249846 -2.503896
v 3.012896 18.249846 -1.206006
v 3.408182 18.123438 -2.367476
v 1.644930 18.123438 -3.317082
v 1.090712 18.123438 -2.287996
v 2.853964 18.123438 -1.338390
v 1.596218 19.118786 -3.581421
v 0.921440 19.118786 -2.328477
v 3.655699 19.118786 -2.472280
v 2.953069 19.118786 -1.167622
v 1.596218 19.197294 -3.581421
v 3.655699 19.197294 -2.472280
v 2.953069 19.197294 -1.167622
v 0.921440 19.197294 -2.328477
v 2.853481 19.197294 -1.264787
v 3.480351 19.197294 -2.428776
v 1.656395 19.197294 -3.411075
v 1.057375 19.197294 -2.298800
v -1.378429 18.249846 0.076697
v -2.676318 18.249846 -0.622287
v -0.368980 18.249846 -1.884555
v -1.398066 18.249846 -2.438773
v -1.318586 18.249846 -0.121302
v -2.347672 18.249846 -0.675520
v -1.534485 18.249846 -2.742471
v -0.236596 18.249846 -2.043487
v -1.398066 18.123438 -2.438773
v -2.347672 18.123438 -0.675520
v -1.318586 18.123438 -0.121302
v -0.368980 18.123438 -1.884555
v -2.612011 19.118786 -0.626809
v -1.359067 19.118786 0.047969
v -1.502870 19.118786 -2.686289
v -0.198212 19.118786 -1.983660
v -2.612011 19.197294 -0.626809
v -1.502870 19.197294 -2.686289
v -0.198212 19.197294 -1.983660
v -1.359067 19.197294 0.047969
v -0.295377 19.197294 -1.884071
v -1.459366 19.197294 -2.510942
v -2.441665 19.197294 -0.686985
v -1.329391 19.197294 -0.087966
v 1.046107 18.249846 2.347839
v 0.347123 18.249846 3.645728
v -0.915145 18.249846 1.338390
v -1.469363 18.249846 2.367476
v 0.848108 18.249846 2.287996
v 0.293889 18.249846 3.317082
v -1.773061 18.249846 2.503895
v -1.074076 18.249846 1.206006
v -1.469363 18.123438 2.367476
v 0.293889 18.123438 3.317082
v 0.848108 18.123438 2.287996
v -0.915145 18.123438 1.338390
v 0.342601 19.118786 3.581421
v 1.017379 19.118786 2.328477
v -1.716880 19.118786 2.472280
v -1.014250 19.118786 1.167622
v 0.342601 19.197294 3.581421
v -1.716880 19.197294 2.472280
v -1.014250 19.197294 1.167622
v 1.017379 19.197294 2.328477
v -0.914661 19.197294 1.264787
v -1.541532 19.197294 2.428776
v 0.282424 19.197294 3.411075
v 0.881444 19.197294 2.298800
v 3.317249 18.249846 -0.076697
v 4.615138 18.249846 0.622287
v 2.307799 18.249846 1.884555
v 3.336885 18.249846 2.438773
v 3.257406 18.249846 0.121302
v 4.286492 18.249846 0.675521
v 3.473304 18.249846 2.742471
v 2.175416 18.249846 2.043487
v 3.336885 18.123438 2.438773
v 4.286492 18.123438 0.675521
v 3.257406 18.123438 0.121302
v 2.307799 18.123438 1.884555
v 4.550831 19.118786 0.626809
v 3.297887 19.118786 -0.047969
v 3.441690 19.118786 2.686290
v 2.137031 19.118786 1.983660
v 4.550831 19.197294 0.626809
v 3.441690 19.197294 2.686290
v 2.137031 19.197294 1.983660
v 3.297887 19.197294 -0.047969
v 2.234197 19.197294 1.884071
v 3.398186 19.197294 2.510942
v 4.380485 19.197294 0.686986
v 3.268210 19.197294 0.087966
v 2.478009 17.855242 -3.026410
v 2.724163 17.855242 -2.893843
v 2.132103 16.772030 -1.794494
v 2.314374 16.758465 -2.132939
v 2.314374 16.758465 -2.132939
v 2.068220 16.758465 -2.265506
v 2.068220 16.758465 -2.265506
v 1.885949 16.772030 -1.927061
v 2.478009 17.641842 -3.026410
v 2.478009 17.641842 -3.026410
v 2.083684 16.982737 -2.294219
v 2.724163 17.641842 -2.893843
v 2.724163 17.641842 -2.893843
v 2.329838 16.982737 -2.161652
v 2.135838 17.248812 -2.391059
v 2.248022 17.495346 -2.599366
v 2.381991 17.248812 -2.258492
v 2.494176 17.495346 -2.466799
v 3.213111 17.855242 -2.630518
v 3.459265 17.855242 -2.497951
v 2.867206 16.772030 -1.398601
v 3.049477 16.758465 -1.737046
v 3.049477 16.758465 -1.737046
v 2.803323 16.758465 -1.869613
v 2.803323 16.758465 -1.869613
v 2.621052 16.772030 -1.531168
v 3.213111 17.641842 -2.630518
v 3.213111 17.641842 -2.630518
v 2.818787 16.982737 -1.898326
v 3.459265 17.641842 -2.497951
v 3.459265 17.641842 -2.497951
v 3.064941 16.982737 -1.765759
v 2.870940 17.248812 -1.995167
v 2.983125 17.495346 -2.203474
v 3.117094 17.248812 -1.862600
v 3.229279 17.495346 -2.070907
v 1.713793 17.855242 -3.437981
v 1.959946 17.855242 -3.305414
v 1.367887 16.772030 -2.206065
v 1.550158 16.758465 -2.544510
v 1.550158 16.758465 -2.544510
v 1.304004 16.758465 -2.677077
v 1.304004 16.758465 -2.677077
v 1.121733 16.772030 -2.338632
v 1.713793 17.641842 -3.437981
v 1.713793 17.641842 -3.437981
v 1.319468 16.982737 -2.705790
v 1.959946 17.641842 -3.305414
v 1.959946 17.641842 -3.305414
v 1.565622 16.982737 -2.573223
v 1.371621 17.248812 -2.802630
v 1.483806 17.495346 -3.010937
v 1.617775 17.248812 -2.670063
v 1.729960 17.495346 -2.878370
v -2.468572 17.855242 -0.744382
v -2.336005 17.855242 -0.990536
v -1.236655 16.772030 -0.398477
v -1.575100 16.758465 -0.580748
v -1.575100 16.758465 -0.580748
v -1.707667 16.758465 -0.334594
v -1.707667 16.758465 -0.334594
v -1.369222 16.772030 -0.152323
v -2.468572 17.641842 -0.744382
v -2.468572 17.641842 -0.744382
v -1.736381 16.982737 -0.350058
v -2.336005 17.641842 -0.990536
v -2.336005 17.641842 -0.990536
v -1.603813 16.982737 -0.596212
v -1.833221 17.248812 -0.402212
v -2.041528 17.495346 -0.514396
v -1.700654 17.248812 -0.648365
v -1.908960 17.495346 -0.760550
v -1.661107 17.855242 -2.243701
v -1.528540 17.855242 -2.489855
v -0.429191 16.772030 -1.897796
v -0.767636 16.758465 -2.080067
v -0.767636 16.758465 -2.080067
v -0.900203 16.758465 -1.833913
v -0.900203 16.758465 -1.833913
v -0.561758 16.772030 -1.651642
v -1.661107 17.641842 -2.243701
v -1.661107 17.641842 -2.243701
v -0.928916 16.982737 -1.849377
v -1.528540 17.641842 -2.489855
v -1.528540 17.641842 -2.489855
v -0.796349 16.982737 -2.095531
v -1.025757 17.248812 -1.901531
v -1.234063 17.495346 -2.013715
v -0.893189 17.248812 -2.147684
v -1.101496 17.495346 -2.259869
v -2.057000 17.855242 -1.508598
v -1.924433 17.855242 -1.754752
v -0.825084 16.772030 -1.162693
v -1.163528 16.758465 -1.344964
v -1.163528 16.758465 -1.344964
v -1.296095 16.758465 -1.098810
v -1.296095 16.758465 -1.098810
v -0.957651 16.772030 -0.916539
v -2.057000 17.641842 -1.508598
v -2.057000 17.641842 -1.508598
v -1.324809 16.982737 -1.114274
v -1.924433 17.641842 -1.754752
v -1.924433 17.641842 -1.754752
v -1.192242 16.982737 -1.360428
v -1.421649 17.248812 -1.166428
v -1.629956 17.495346 -1.278612
v -1.289082 17.248812 -1.412581
v -1.497389 17.495346 -1.524766
v -0.539189 17.855242 3.026410
v -0.785343 17.855242 2.893843
v -0.193284 16.772030 1.794494
v -0.375555 16.758465 2.132938
v -0.375555 16.758465 2.132938
v -0.129401 16.758465 2.265505
v -0.129401 16.758465 2.265505
v 0.052870 16.772030 1.927061
v -0.539189 17.641842 3.026410
v -0.539189 17.641842 3.026410
v -0.144865 16.982737 2.294219
v -0.785343 17.641842 2.893843
v -0.785343 17.641842 2.893843
v -0.391018 16.982737 2.161652
v -0.197018 17.248812 2.391059
v -0.309203 17.495346 2.599365
v -0.443172 17.248812 2.258492
v -0.555357 17.495346 2.466799
v -1.274292 17.855242 2.630518
v -1.520446 17.855242 2.497951
v -0.928387 16.772030 1.398601
v -1.110657 16.758465 1.737046
v -1.110657 16.758465 1.737046
v -0.864504 16.758465 1.869613
v -0.864504 16.758465 1.869613
v -0.682233 16.772030 1.531168
v -1.274292 17.641842 2.630518
v -1.274292 17.641842 2.630518
v -0.879968 16.982737 1.898326
v -1.520446 17.641842 2.497951
v -1.520446 17.641842 2.497951
v -1.126121 16.982737 1.765759
v -0.932121 17.248812 1.995167
v -1.044306 17.495346 2.203474
v -1.178275 17.248812 1.862600
v -1.290460 17.495346 2.070906
v 0.225027 17.855242 3.437982
v -0.021127 17.855242 3.305414
v 0.570932 16.772030 2.206065
v 0.388661 16.758465 2.544509
v 0.388661 16.758465 2.544509
v 0.634815 16.758465 2.677077
v 0.634815 16.758465 2.677077
v 0.817086 16.772030 2.338632
v 0.225027 17.641842 3.437982
v 0.225027 17.641842 3.437982
v 0.619351 16.982737 2.705790
v -0.021127 17.641842 3.305414
v -0.021127 17.641842 3.305414
v 0.373198 16.982737 2.573223
v 0.567198 17.248812 2.802631
v 0.455013 17.495346 3.010937
v 0.321044 17.248812 2.670064
v 0.208859 17.495346 2.878370
v 4.407391 17.855242 0.744383
v 4.274824 17.855242 0.990537
v 3.175474 16.772030 0.398478
v 3.513919 16.758465 0.580749
v 3.513919 16.758465 0.580749
v 3.646486 16.758465 0.334595
v 3.646486 16.758465 0.334595
v 3.308041 16.772030 0.152324
v 4.407391 17.641842 0.744383
v 4.407391 17.641842 0.744383
v 3.675199 16.982737 0.350058
v 4.274824 17.641842 0.990537
v 4.274824 17.641842 0.990537
v 3.542632 16.982737 0.596212
v 3.772040 17.248812 0.402212
v 3.980346 17.495346 0.514397
v 3.639473 17.248812 0.648366
v 3.847779 17.495346 0.760551
v 3.599927 17.855242 2.243702
v 3.467360 17.855242 2.489856
v 2.368010 16.772030 1.897797
v 2.706455 16.758465 2.080068
v 2.706455 16.758465 2.080068
v 2.839022 16.758465 1.833914
v 2.839022 16.758465 1.833914
v 2.500577 16.772030 1.651643
v 3.599927 17.641842 2.243702
v 3.599927 17.641842 2.243702
v 2.867735 16.982737 1.849377
v 3.467360 17.641842 2.489856
v 3.467360 17.641842 2.489856
v 2.735168 16.982737 2.095531
v 2.964576 17.248812 1.901531
v 3.172883 17.495346 2.013716
v 2.832009 17.248812 2.147685
v 3.040315 17.495346 2.259870
v 3.995819 17.855242 1.508599
v 3.863252 17.855242 1.754753
v 2.763902 16.772030 1.162694
v 3.102347 16.758465 1.344964
v 3.102347 16.758465 1.344964
v 3.234914 16.758465 1.098811
v 3.234914 16.758465 1.098811
v 2.896470 16.772030 0.916540
v 3.995819 17.641844 1.508599
v 3.995819 17.641844 1.508599
v 3.263628 16.982737 1.114274
v 3.863252 17.641844 1.754753
v 3.863252 17.641844 1.754753
v 3.131060 16.982737 1.360428
v 3.360468 17.248812 1.166428
v 3.568775 17.495348 1.278612
v 3.227901 17.248812 1.412582
v 3.436208 17.495348 1.524766
v 3.242925 20.806700 0.807722
v 3.271244 20.577829 0.757928
v 2.891865 20.806700 1.459580
v 2.864711 20.577829 1.510001
v 3.168737 20.974243 0.945476
v 3.067395 21.035568 1.133651
v 2.966053 20.974243 1.321827
v 3.328552 20.966734 0.648573
v 3.370581 20.648663 0.574408
v 2.765698 20.648663 1.693696
v 2.806109 20.966732 1.618660
v 3.218146 21.199577 0.853577
v 3.067330 21.284803 1.133617
v 2.916514 21.199575 1.413657
v 3.271244 18.057802 0.757928
v 3.370581 18.082275 0.574408
v 2.864711 18.057802 1.510001
v 2.765698 18.082275 1.693696
v 1.777133 20.806700 -2.273516
v 1.727339 20.577829 -2.301834
v 2.428991 20.806700 -1.922455
v 2.479412 20.577829 -1.895301
v 1.914887 20.974243 -2.199328
v 2.103063 21.035568 -2.097985
v 2.291237 20.974243 -1.996643
v 1.617983 20.966734 -2.359143
v 1.543818 20.648663 -2.401171
v 2.663106 20.648663 -1.796288
v 2.588070 20.966732 -1.836698
v 1.822987 21.199577 -2.248737
v 2.103028 21.284803 -2.097920
v 2.383067 21.199575 -1.947104
v 1.727339 18.057802 -2.301834
v 1.543818 18.082275 -2.401171
v 2.479412 18.057802 -1.895301
v 2.663106 18.082275 -1.796288
v -1.304106 20.806700 -0.807723
v -1.332424 20.577829 -0.757929
v -0.953045 20.806700 -1.459581
v -0.925891 20.577829 -1.510002
v -1.229918 20.974243 -0.945477
v -1.128575 21.035568 -1.133653
v -1.027233 20.974243 -1.321828
v -1.389733 20.966734 -0.648573
v -1.431762 20.648663 -0.574408
v -0.826878 20.648663 -1.693696
v -0.867289 20.966732 -1.618660
v -1.279327 21.199577 -0.853577
v -1.128510 21.284803 -1.133617
v -0.977694 21.199575 -1.413657
v -1.332424 18.057802 -0.757929
v -1.431762 18.082275 -0.574408
v -0.925891 18.057802 -1.510002
v -0.826878 18.082275 -1.693696
v 0.161686 20.806700 2.273515
v 0.211480 20.577829 2.301834
v -0.490172 20.806700 1.922455
v -0.540592 20.577829 1.895301
v 0.023932 20.974243 2.199327
v -0.164243 21.035568 2.097985
v -0.352418 20.974243 1.996643
v 0.320836 20.966734 2.359143
v 0.395001 20.648663 2.401172
v -0.724287 20.648663 1.796288
v -0.649251 20.966732 1.836699
v 0.115832 21.199577 2.248737
v -0.164208 21.284803 2.097920
v -0.444248 21.199575 1.947104
v 0.211480 18.057802 2.301834
v 0.395001 18.082275 2.401172
v -0.540592 18.057802 1.895301
v -0.724287 18.082275 1.796288
v 0.952786 23.280514 2.731069
v 0.984774 22.591112 2.327091
v 0.984774 22.591112 2.327091
v 0.436128 23.279072 2.678550
v 0.480668 22.590919 2.284674
v 0.480668 22.590919 2.284674
v 0.471373 23.333639 2.281576
v 0.566866 23.523933 2.289017
v 0.726916 23.578989 2.302312
v 0.985429 23.328997 2.324844
v 0.890061 23.523916 2.316211
v 0.847474 23.471651 2.777400
v 0.687055 23.522678 2.776941
v 0.529681 23.471319 2.746029
v 0.986035 23.280514 -2.731069
v 0.954046 22.591112 -2.327091
v 0.954046 22.591112 -2.327091
v 1.502693 23.279072 -2.678550
v 1.458152 22.590919 -2.284674
v 1.458152 22.590919 -2.284674
v 1.666097 22.590826 -2.262510
v 1.467448 23.333639 -2.281575
v 1.371954 23.523933 -2.289017
v 1.211904 23.578989 -2.302312
v 0.953391 23.328997 -2.324844
v 1.048759 23.523916 -2.316211
v 1.091347 23.471651 -2.777400
v 1.251766 23.522678 -2.776940
v 1.409140 23.471319 -2.746029
v -0.939187 23.280514 -1.953527
v -0.677865 22.591112 -1.643798
v -0.677865 22.591112 -1.643798
v -0.534905 23.279072 -2.279486
v -0.289611 22.590919 -1.968114
v -0.289611 22.590919 -1.968114
v -0.280822 23.333639 -1.972447
v -0.353953 23.523933 -1.910589
v -0.477100 23.578989 -1.807499
v -0.676750 23.328997 -1.641740
v -0.602872 23.523916 -1.702662
v -0.896888 23.471651 -2.060522
v -0.782504 23.522678 -2.172998
v -0.648872 23.471319 -2.261680
v 2.878007 23.280514 1.953526
v 2.616685 22.591112 1.643798
v 2.616685 22.591112 1.643798
v 2.473725 23.279072 2.279486
v 2.228431 22.590919 1.968113
v 2.228431 22.590919 1.968113
v 2.064993 22.590826 2.098576
v 2.783174 22.591223 1.518651
v 2.219642 23.333639 1.972446
v 2.292773 23.523933 1.910589
v 2.415919 23.578989 1.807499
v 2.615570 23.328997 1.641740
v 2.541692 23.523916 1.702662
v 2.835708 23.471651 2.060522
v 2.721324 23.522678 2.172997
v 2.587692 23.471319 2.261680
v 3.700492 23.280514 0.014165
v 3.296486 22.591112 -0.017460
v 3.296486 22.591112 -0.017460
v 3.648439 23.279072 0.530870
v 3.254523 22.590919 0.486684
v 3.254523 22.590919 0.486684
v 3.324389 22.591223 -0.223862
v 3.251433 23.333639 0.495982
v 3.258788 23.523933 0.400482
v 3.271939 23.578989 0.240420
v 3.294238 23.328997 -0.018113
v 3.285691 23.523916 0.077263
v 3.746919 23.471651 0.119435
v 3.746603 23.522678 0.279854
v 3.715833 23.471319 0.437256
v -1.761672 23.280514 -0.014165
v -1.357666 22.591112 0.017459
v -1.357666 22.591112 0.017459
v -1.709620 23.279072 -0.530870
v -1.315704 22.590919 -0.486684
v -1.315704 22.590919 -0.486684
v -1.293727 22.590826 -0.694649
v -1.312613 23.333639 -0.495983
v -1.319968 23.523933 -0.400482
v -1.333120 23.578989 -0.240421
v -1.355419 23.328997 0.018112
v -1.346872 23.523916 -0.077263
v -1.808099 23.471651 -0.119435
v -1.807784 23.522678 -0.279855
v -1.777014 23.471319 -0.437257
v -0.974755 23.280514 1.918133
v -0.666308 22.591112 1.655298
v -0.666308 22.591112 1.655298
v -1.302689 23.279072 1.515451
v -0.992520 22.590919 1.268636
v -0.992520 22.590919 1.268636
v -1.123780 22.590826 1.105839
v -0.996896 23.333639 1.259869
v -0.934681 23.523933 1.332695
v -0.830990 23.578989 1.455337
v -0.664256 23.328997 1.654174
v -0.725539 23.523916 1.580595
v -1.081956 23.471651 1.876358
v -1.194990 23.522678 1.762526
v -1.284326 23.471319 1.629330
v 2.913574 23.280514 -1.918134
v 2.605127 22.591112 -1.655299
v 2.605127 22.591112 -1.655299
v 3.241508 23.279072 -1.515452
v 2.931339 22.590919 -1.268636
v 2.931339 22.590919 -1.268636
v 2.935715 23.333639 -1.259869
v 2.873500 23.523933 -1.332696
v 2.769809 23.578989 -1.455337
v 2.603075 23.328997 -1.654175
v 2.664358 23.523916 -1.580595
v 3.020775 23.471651 -1.876359
v 3.133809 23.522678 -1.762526
v 3.223144 23.471319 -1.629330
v 3.499222 23.280514 -1.029108
v 3.113720 22.591112 -0.904167
v 3.113720 22.591112 -0.904167
v 3.648287 23.279072 -0.531641
v 3.267318 22.590919 -0.422162
v 3.267318 22.590919 -0.422162
v 3.060748 22.591223 -1.105598
v 3.268010 23.333639 -0.412387
v 3.238365 23.523933 -0.503468
v 3.189441 23.578989 -0.656435
v 3.111394 23.328997 -0.903913
v 3.139890 23.523916 -0.812494
v 3.582307 23.471651 -0.949521
v 3.643233 23.522678 -0.801121
v 3.674857 23.471319 -0.643888
v -1.560402 23.280514 1.029108
v -1.174901 22.591112 0.904168
v -1.174901 22.591112 0.904168
v -1.709467 23.279072 0.531641
v -1.328499 22.590919 0.422162
v -1.328499 22.590919 0.422162
v -1.387546 22.590826 0.221549
v -1.329191 23.333639 0.412388
v -1.299546 23.523933 0.503468
v -1.250621 23.578989 0.656435
v -1.172575 23.328997 0.903913
v -1.201071 23.523916 0.812494
v -1.643488 23.471651 0.949521
v -1.704413 23.522678 0.801121
v -1.736037 23.471319 0.643889
v 1.998518 23.280514 2.529811
v 1.873578 22.591112 2.144310
v 1.873578 22.591112 2.144310
v 1.501051 23.279072 2.678876
v 1.391572 22.590919 2.297909
v 1.391572 22.590919 2.297909
v 1.190959 22.590826 2.356956
v 1.381798 23.333639 2.298600
v 1.472878 23.523933 2.268955
v 1.625845 23.578989 2.220031
v 1.873323 23.328997 2.141984
v 1.781904 23.523916 2.170480
v 1.918931 23.471651 2.612897
v 1.770531 23.522678 2.673823
v 1.613299 23.471319 2.705447
v -0.059697 23.280514 -2.529812
v 0.065243 22.591112 -2.144311
v 0.065243 22.591112 -2.144311
v 0.437769 23.279072 -2.678877
v 0.547249 22.590919 -2.297909
v 0.547249 22.590919 -2.297909
v 0.747862 22.590826 -2.356956
v -0.136188 22.591223 -2.091338
v 0.557023 23.333639 -2.298600
v 0.465943 23.523933 -2.268955
v 0.312975 23.578989 -2.220031
v 0.065497 23.328997 -2.141984
v 0.156917 23.523916 -2.170480
v 0.019890 23.471651 -2.612897
v 0.168290 23.522678 -2.673823
v 0.325522 23.471319 -2.705447
v -1.544498 23.280514 -1.067370
v -1.184017 22.591112 -0.882234
v -1.184017 22.591112 -0.882234
v -1.297012 23.279072 -1.523927
v -0.950689 22.590919 -1.331100
v -0.950689 22.590919 -1.331100
v -0.850134 22.590826 -1.514459
v -0.944248 23.333639 -1.338484
v -0.987900 23.523933 -1.253226
v -1.061822 23.578989 -1.110649
v -1.182196 23.328997 -0.880765
v -1.137493 23.523916 -0.965448
v -1.546688 23.471651 -1.182402
v -1.484468 23.522678 -1.330265
v -1.395321 23.471319 -1.463587
v 3.483318 23.280514 1.067369
v 3.122837 22.591112 0.882234
v 3.122837 22.591112 0.882234
v 3.235832 23.279072 1.523927
v 2.889509 22.590919 1.331099
v 2.889509 22.590919 1.331099
v 3.228257 22.591223 0.702603
v 2.883068 23.333639 1.338484
v 2.926720 23.523933 1.253226
v 3.000642 23.578989 1.110649
v 3.121016 23.328997 0.880764
v 3.076313 23.523916 0.965447
v 3.485507 23.471651 1.182402
v 3.423288 23.522678 1.330264
v 3.334141 23.471319 1.463586
v 2.030568 23.280514 -2.516536
v 1.846324 22.591112 -2.155599
v 1.846324 22.591112 -2.155599
v 2.487736 23.279072 -2.270179
v 2.295764 22.590919 -1.923380
v 2.295764 22.590919 -1.923380
v 2.479371 22.590826 -1.823278
v 2.303164 23.333639 -1.916958
v 2.217798 23.523933 -1.960399
v 2.075040 23.578989 -2.033968
v 1.844859 23.328997 -2.153775
v 1.929652 23.523916 -2.109281
v 2.145595 23.471651 -2.519010
v 2.293611 23.522678 -2.457156
v 2.427153 23.471319 -2.368338
v -0.091749 23.280514 2.516536
v 0.092495 22.591112 2.155599
v 0.092495 22.591112 2.155599
v -0.548917 23.279072 2.270179
v -0.356945 22.590919 1.923380
v -0.356945 22.590919 1.923380
v -0.540552 22.590826 1.823277
v 0.272386 22.591223 2.260575
v -0.364345 23.333639 1.916957
v -0.278979 23.523933 1.960399
v -0.136220 23.578989 2.033968
v 0.093960 23.328997 2.153774
v 0.009167 23.523916 2.109281
v -0.206776 23.471651 2.519010
v -0.354792 23.522678 2.457156
v -0.488333 23.471319 2.368337
v 3.044492 11.200233 1.327627
v 3.044492 11.200233 1.327627
v 3.216996 11.200233 1.008421
v 3.216996 11.200233 1.008421
v 2.291267 12.027828 -2.066725
v 2.291267 12.027828 -2.066725
v 1.974002 12.027828 -2.238181
v 1.974002 12.027828 -2.238181
v 2.335390 7.650230 -2.135700
v 2.335390 7.650230 -2.135700
v 2.341160 6.822636 -2.144057
v 2.341160 6.822636 -2.144057
v -1.268772 12.027828 -1.004592
v -1.268772 12.027828 -1.004592
v -1.278177 11.200233 -1.008422
v -1.278177 11.200233 -1.008422
v -0.812887 1.859100 2.151550
v -0.812887 1.859100 2.151550
v -0.812887 1.859100 2.151550
v -0.809207 2.096215 2.147108
v -0.809207 2.096215 2.147108
v 3.745316 2.095613 -0.260562
v 3.434300 2.095613 -1.303022
v 3.633726 2.095613 0.821566
v 3.116517 2.095613 1.778617
v 2.272431 2.095613 2.464891
v 1.229972 2.095613 2.775907
v 0.147845 2.095613 2.664316
v 0.147845 2.095613 2.664316
v -1.495481 2.096215 1.303022
v -1.806497 2.095613 0.260563
v -1.694906 2.095613 -0.821565
v -1.177698 2.095613 -1.778617
v -0.333611 2.095613 -2.464891
v 0.708849 2.095613 -2.775907
v 1.790977 2.095613 -2.664315
v 2.748029 2.095613 -2.147106
v 0.177881 2.096817 2.566911
v 0.177881 2.096817 2.566911
v -0.744182 2.096215 2.068612
v -0.744182 2.096215 2.068612
v 3.643831 2.096817 -0.251036
v 3.344186 2.096817 -1.255384
v 3.536320 2.096817 0.791530
v 3.038020 2.096817 1.713592
v 2.224794 2.096817 2.374776
v 1.220446 2.096817 2.674421
v -1.405366 2.096215 1.255385
v -1.705012 2.096817 0.251037
v -1.597501 2.096817 -0.791529
v -1.099201 2.096817 -1.713592
v -0.285973 2.096817 -2.374776
v 0.718375 2.096817 -2.674421
v 1.760941 2.096817 -2.566910
v 2.683003 2.096817 -2.068609
v 3.478101 23.921442 -1.326176
v 3.794644 23.921442 -0.265192
v 3.681071 23.921442 0.836165
v 3.154671 23.921442 1.810223
v 2.295586 23.921442 2.508692
v 1.234602 23.921442 2.825235
v 0.133246 23.921442 2.711662
v -0.840813 23.921442 2.185262
v -1.539282 23.921442 1.326177
v -1.855825 23.921442 0.265193
v -1.742251 23.921442 -0.836165
v -1.215852 23.921442 -1.810224
v -0.356766 23.921442 -2.508692
v 0.704219 23.921442 -2.825235
v 1.805576 23.921442 -2.711661
v 2.779635 23.921442 -2.185260
v 3.478101 24.322010 -1.326176
v 3.794644 24.322010 -0.265192
v 3.681071 24.322010 0.836165
v 3.154671 24.322010 1.810223
v 2.295586 24.322010 2.508692
v 1.234602 24.322010 2.825235
v 0.133246 24.322010 2.711662
v -0.840813 24.322010 2.185262
v -1.539282 24.322010 1.326177
v -1.855825 24.322010 0.265193
v -1.742251 24.322010 -0.836165
v -1.215852 24.322010 -1.810224
v -0.356766 24.322010 -2.508692
v 0.704219 24.322010 -2.825235
v 1.805576 24.322010 -2.711661
v 2.779635 24.322010 -2.185260
v 3.626228 24.312616 -1.404481
v 3.961462 24.312616 -0.280851
v 3.841182 24.312616 0.885536
v 3.283701 24.312616 1.917109
v 2.373891 24.312616 2.656819
v 1.250261 24.312616 2.992052
v 0.083874 24.312616 2.871773
v -0.947698 24.312616 2.314292
v -1.687409 24.312616 1.404482
v -2.022642 24.312616 0.280851
v -1.902363 24.312616 -0.885536
v -1.344882 24.312616 -1.917109
v -0.435070 24.312616 -2.656819
v 0.688560 24.312616 -2.992052
v 1.854948 24.312616 -2.871772
v 2.886520 24.312616 -2.314290
v 3.961462 24.707146 -0.280851
v 3.626228 24.707146 -1.404481
v 3.841182 24.707146 0.885536
v 3.283701 24.707146 1.917109
v 2.373891 24.707146 2.656819
v 1.250261 24.707146 2.992052
v 0.083874 24.707146 2.871773
v -0.947698 24.707146 2.314292
v -1.687409 24.707146 1.404482
v -2.022642 24.707146 0.280851
v -1.902363 24.707146 -0.885536
v -1.344882 24.707146 -1.917109
v -0.435070 24.707146 -2.656819
v 0.688560 24.707146 -2.992052
v 1.854948 24.707146 -2.871772
v 2.886520 24.707146 -2.314290
v 3.374666 24.697754 -0.225771
v 3.105178 24.697754 -1.129037
v 3.277976 24.697754 0.711867
v 2.829827 24.697754 1.541129
v 2.098447 24.697754 2.135768
v 1.195181 24.697754 2.405256
v 0.257544 24.697754 2.308566
v -0.571719 24.697754 1.860418
v -1.166358 24.697754 1.129038
v -1.435847 24.697754 0.225771
v -1.339156 24.697754 -0.711866
v -0.891007 24.697754 -1.541129
v -0.159626 24.697754 -2.135768
v 0.743640 24.697754 -2.405256
v 1.681278 24.697754 -2.308565
v 2.510540 24.697754 -1.860416
v 3.374666 23.766363 -0.225771
v 3.105178 23.766363 -1.129037
v 3.277976 23.766363 0.711867
v 2.829827 23.766363 1.541129
v 2.098447 23.766363 2.135768
v 1.195181 23.766363 2.405256
v 0.257544 23.766363 2.308566
v -0.571719 23.766363 1.860418
v -1.166358 23.766363 1.129038
v -1.435847 23.766363 0.225771
v -1.339156 23.766363 -0.711866
v -0.891007 23.766363 -1.541129
v -0.159626 23.766363 -2.135768
v 0.743640 23.766363 -2.405256
v 1.681278 23.766363 -2.308565
v 2.510540 23.766363 -1.860416
v 0.757619 1.301787 3.675620
v -0.332023 1.301787 3.563255
v 1.231782 1.301787 2.795182
v -1.295720 1.301787 3.042455
v -1.512597 1.301787 1.312071
v -1.986759 1.301787 2.192508
v -0.204068 1.488345 3.323714
v -1.166210 1.488345 2.803755
v -0.071683 1.674681 3.075975
v -1.032270 1.674681 2.556857
v 0.146145 1.859100 2.669829
v 0.146145 1.859100 2.669829
v 0.146145 1.859100 2.669829
v 0.031355 1.857718 2.883150
v -0.927677 1.857718 2.364872
v 0.498207 1.673329 3.082335
v -1.349847 1.673329 2.083612
v 0.687872 1.673329 2.730160
v -1.160181 1.673329 1.731438
v 0.627990 1.487829 3.404766
v 0.976185 1.487829 2.758230
v -1.341992 1.487829 1.505764
v -1.690186 1.487829 2.152299
v 0.189385 4.113701 2.529604
v -0.719277 4.113701 2.038547
v -0.551418 4.113701 1.727938
v -0.576323 1.859100 1.758003
v -0.576323 1.859100 1.758003
v 0.357243 4.113701 2.218996
v 0.345739 1.859100 2.256302
v 0.345739 1.859100 2.256302
v -0.490563 4.371661 1.760713
v -0.658361 4.371916 2.071353
v -0.324301 4.560501 1.850253
v -0.491935 4.560942 2.160982
v -0.097183 4.629622 1.972568
v -0.264593 4.630131 2.283418
v 0.129934 4.560502 2.094883
v -0.037251 4.560943 2.405854
v 0.296197 4.371662 2.184424
v 0.129175 4.371917 2.495484
v 0.138332 4.385090 2.573586
v 0.205390 4.100840 2.609700
v 0.205390 4.100840 2.609700
v -0.044875 4.593176 2.474919
v -0.295140 4.669340 2.340138
v -0.545404 4.593175 2.205357
v -0.728610 4.385089 2.106691
v -0.795668 4.100840 2.070576
v -0.795668 4.100840 2.070576
v 0.381966 4.106606 2.704796
v 0.381966 4.106606 2.704796
v 0.291251 4.491135 2.655941
v 0.043413 4.772629 2.522467
v -0.295140 4.875662 2.340138
v -0.633692 4.772628 2.157809
v -0.881529 4.491133 2.024335
v -0.972244 4.106606 1.975481
v -0.972244 4.106606 1.975481
v -0.889736 4.106606 1.822278
v -0.748793 4.100840 1.983537
v 0.464474 4.106606 2.551594
v 0.252265 4.100840 2.522661
v 2.514416 22.050627 -1.865095
v 3.110550 22.050627 -1.131876
v 2.515363 21.867186 -1.866238
v 3.111862 21.867186 -1.132570
v 1.683068 22.050627 -2.314371
v 1.683506 21.867186 -2.315790
v 0.743072 22.050627 -2.411306
v 0.742933 21.867186 -2.412784
v -0.162466 22.050627 -2.141140
v -0.163160 21.867186 -2.142452
v -0.895685 22.050627 -1.545005
v -0.896829 21.867186 -1.545952
v -1.344962 22.050627 -0.713657
v -1.346380 21.867186 -0.714094
v -1.441895 22.050627 0.226339
v -1.443373 21.867186 0.226478
v -1.171729 22.050627 1.131877
v -1.173042 21.867186 1.132571
v -0.575594 22.050627 1.865096
v -0.576542 21.867186 1.866240
v 0.255753 22.050627 2.314372
v 0.255316 21.867186 2.315791
v 1.195749 22.050627 2.411306
v 1.195887 21.867186 2.412784
v 2.101286 22.050627 2.141140
v 2.101980 21.867186 2.142453
v 2.834506 22.050627 1.545005
v 2.835649 21.867186 1.545952
v 3.283782 22.050627 0.713657
v 3.285201 21.867186 0.714095
v 3.380716 22.050627 -0.226339
v 3.382194 21.867186 -0.226477
v -0.072536 6.822636 2.322290
v -0.072536 6.822636 2.322290
v -0.352448 12.027828 2.066725
v -0.352448 12.027828 2.066725
v -0.396571 7.650230 2.135700
v -0.396571 7.650230 2.135700
v -1.352880 6.822636 -1.041945
v -1.352880 6.822636 -1.041945
v -1.166291 7.650230 -1.365981
v -1.166291 7.650230 -1.365981
v 3.282294 7.650230 1.038116
v 3.282294 7.650230 1.038116
vn -0.4742 -0.0013 0.8804
vn 0.4742 -0.0013 -0.8804
vn -0.0000 1.0000 -0.0000
vn -0.0000 -1.0000 -0.0000
vn 0.8797 0.0122 0.4754
vn 0.8804 -0.0000 0.4742
vn 0.3129 0.7514 -0.5810
vn -0.3129 0.7514 0.5809
vn -0.3135 -0.7503 0.5821
vn 0.3135 -0.7503 -0.5821
vn -0.4742 0.0009 0.8804
vn 0.4742 0.0009 -0.8804
vn -0.3129 -0.7514 0.5810
vn 0.3129 -0.7514 -0.5809
vn 0.3135 0.7503 -0.5821
vn -0.3135 0.7503 0.5821
vn 0.4742 -0.0009 -0.8804
vn -0.4742 -0.0009 0.8804
vn 0.8804 -0.0013 0.4742
vn -0.8804 -0.0013 -0.4742
vn 0.4754 0.0122 -0.8797
vn 0.4742 -0.0000 -0.8804
vn -0.5810 0.7514 -0.3129
vn 0.5809 0.7514 0.3129
vn 0.5821 -0.7503 0.3135
vn -0.5821 -0.7503 -0.3135
vn 0.8804 0.0009 0.4742
vn -0.8804 0.0009 -0.4742
vn 0.5810 -0.7514 0.3129
vn -0.5809 -0.7514 -0.3129
vn -0.5821 0.7503 -0.3135
vn 0.5821 0.7503 0.3135
vn -0.8804 -0.0009 -0.4742
vn 0.8804 -0.0009 0.4742
vn -0.8797 0.0122 -0.4754
vn -0.8804 -0.0000 -0.4742
vn -0.3129 0.7514 0.5810
vn 0.3129 0.7514 -0.5809
vn 0.3129 -0.7514 -0.5810
vn -0.3129 -0.7514 0.5809
vn -0.4754 0.0122 0.8797
vn -0.4742 -0.0000 0.8804
vn 0.5810 0.7514 0.3129
vn -0.5809 0.7514 -0.3129
vn -0.5810 -0.7514 -0.3129
vn 0.5809 -0.7514 0.3129
vn 0.9578 -0.0000 -0.2873
vn 0.7713 -0.5930 -0.2313
vn -0.2313 -0.5930 -0.7713
vn -0.2873 -0.0000 -0.9578
vn 0.6098 -0.7213 0.3284
vn -0.6098 -0.7213 -0.3284
vn 0.2873 -0.0000 0.9578
vn -0.9578 -0.0000 0.2873
vn 0.1185 -0.9110 0.3950
vn -0.3950 -0.9110 0.1185
vn 0.5564 -0.7750 0.2996
vn -0.5564 -0.7750 -0.2996
vn -0.7713 -0.5930 0.2313
vn 0.3284 -0.7213 -0.6098
vn -0.3284 -0.7213 0.6098
vn 0.3950 -0.9110 -0.1185
vn 0.2996 -0.7750 -0.5564
vn -0.2996 -0.7750 0.5564
vn 0.2313 -0.5930 0.7713
vn -0.1185 -0.9110 -0.3950
vn -0.0167 -0.9994 0.0310
vn 0.4692 -0.1439 -0.8713
vn 0.4572 -0.2653 -0.8489
vn 0.3967 -0.5477 -0.7366
vn 0.2467 -0.8539 -0.4581
vn 0.1371 -0.9573 -0.2546
vn 0.0310 -0.9994 0.0167
vn -0.8713 -0.1439 -0.4692
vn -0.8489 -0.2653 -0.4572
vn -0.7366 -0.5477 -0.3967
vn -0.4582 -0.8539 -0.2467
vn -0.2546 -0.9573 -0.1371
vn 0.0167 -0.9994 -0.0310
vn -0.4692 -0.1439 0.8713
vn -0.4572 -0.2653 0.8489
vn -0.3967 -0.5477 0.7366
vn -0.2467 -0.8539 0.4581
vn -0.1371 -0.9573 0.2546
vn -0.0310 -0.9994 -0.0167
vn 0.8713 -0.1439 0.4692
vn 0.8489 -0.2653 0.4572
vn 0.7366 -0.5477 0.3967
vn 0.4582 -0.8539 0.2467
vn 0.2546 -0.9573 0.1371
vn -0.0311 -0.9994 -0.0167
vn 0.4581 -0.8539 0.2467
vn 0.8797 0.0107 0.4754
vn 0.6060 0.7249 0.3275
vn 0.6054 0.7256 0.3272
vn 0.8794 0.0028 0.4760
vn 0.8791 0.0021 0.4767
vn 0.8790 0.0027 0.4769
vn 0.8798 0.0021 0.4754
vn 0.8803 0.0001 0.4744
vn 0.8803 0.0002 0.4744
vn 0.8803 -0.0000 0.4745
vn 0.8805 0.0003 0.4740
vn 0.8804 0.0003 0.4742
vn 0.8804 0.0003 0.4743
vn 0.8794 -0.0000 0.4760
vn -0.4676 0.1306 0.8742
vn -0.4678 0.1277 0.8745
vn -0.4729 -0.0002 0.8811
vn 0.4706 -0.1224 -0.8738
vn 0.4676 0.1305 -0.8742
vn 0.4729 0.0002 -0.8811
vn 0.4678 0.1283 -0.8745
vn -0.4706 -0.1222 0.8738
vn -0.4706 -0.1226 0.8738
vn -0.2340 0.8675 0.4389
vn -0.2345 0.8669 0.4399
vn -0.4069 0.5017 0.7634
vn -0.4067 0.5023 0.7631
vn 0.0003 1.0000 -0.0006
vn -0.0003 1.0000 0.0006
vn 0.2345 0.8669 -0.4399
vn 0.2340 0.8675 -0.4389
vn 0.4070 0.5013 -0.7636
vn 0.4066 0.5027 -0.7629
vn 0.4161 -0.4797 -0.7725
vn 0.4160 -0.4797 -0.7725
vn 0.2466 -0.8541 -0.4579
vn -0.2466 -0.8541 0.4579
vn -0.4159 -0.4801 0.7723
vn -0.4162 -0.4793 0.7727
vn 0.4754 0.0107 -0.8797
vn 0.3275 0.7249 -0.6060
vn 0.3272 0.7256 -0.6054
vn 0.4760 0.0028 -0.8795
vn 0.4767 0.0021 -0.8791
vn 0.4769 0.0028 -0.8790
vn 0.4754 0.0021 -0.8798
vn 0.4744 0.0001 -0.8803
vn 0.4744 0.0002 -0.8803
vn 0.4745 -0.0000 -0.8803
vn 0.4740 0.0003 -0.8805
vn 0.4742 0.0003 -0.8804
vn 0.4743 0.0003 -0.8804
vn 0.4760 -0.0000 -0.8794
vn 0.8742 0.1306 0.4676
vn 0.8745 0.1277 0.4678
vn 0.8811 -0.0002 0.4729
vn -0.8738 -0.1224 -0.4706
vn -0.8742 0.1305 -0.4676
vn -0.8811 0.0002 -0.4729
vn -0.8745 0.1283 -0.4678
vn 0.8738 -0.1222 0.4706
vn 0.8738 -0.1226 0.4706
vn 0.4389 0.8675 0.2340
vn 0.4399 0.8669 0.2345
vn 0.7634 0.5017 0.4069
vn 0.7631 0.5023 0.4067
vn -0.0006 1.0000 -0.0003
vn 0.0006 1.0000 0.0003
vn -0.4399 0.8669 -0.2345
vn -0.4389 0.8675 -0.2340
vn -0.7636 0.5013 -0.4070
vn -0.7629 0.5027 -0.4066
vn -0.7725 -0.4797 -0.4161
vn -0.4579 -0.8541 -0.2466
vn 0.4579 -0.8541 0.2466
vn 0.7723 -0.4801 0.4159
vn 0.7727 -0.4793 0.4162
vn -0.8797 0.0107 -0.4754
vn -0.6060 0.7249 -0.3275
vn -0.6054 0.7256 -0.3272
vn -0.8795 0.0028 -0.4760
vn -0.8791 0.0021 -0.4767
vn -0.8790 0.0028 -0.4769
vn -0.8798 0.0021 -0.4754
vn -0.8803 0.0001 -0.4744
vn -0.8803 0.0002 -0.4744
vn -0.8803 -0.0000 -0.4745
vn -0.8805 0.0003 -0.4740
vn -0.8804 0.0003 -0.4742
vn -0.8804 0.0003 -0.4743
vn -0.8794 -0.0000 -0.4760
vn 0.4676 0.1306 -0.8742
vn 0.4678 0.1277 -0.8745
vn 0.4729 -0.0002 -0.8811
vn -0.4706 -0.1224 0.8738
vn -0.4676 0.1305 0.8742
vn -0.4729 0.0002 0.8811
vn -0.4678 0.1283 0.8745
vn 0.4706 -0.1222 -0.8738
vn 0.4706 -0.1226 -0.8738
vn 0.4069 0.5017 -0.7634
vn 0.4067 0.5023 -0.7631
vn -0.4070 0.5013 0.7636
vn -0.4066 0.5027 0.7629
vn -0.4161 -0.4797 0.7725
vn 0.4159 -0.4801 -0.7723
vn 0.4162 -0.4793 -0.7727
vn -0.4754 0.0107 0.8797
vn -0.3275 0.7249 0.6060
vn -0.3272 0.7256 0.6054
vn -0.4760 0.0028 0.8794
vn -0.4767 0.0021 0.8791
vn -0.4769 0.0027 0.8790
vn -0.4754 0.0021 0.8798
vn -0.4744 0.0001 0.8803
vn -0.4744 0.0002 0.8803
vn -0.4745 -0.0000 0.8803
vn -0.4740 0.0003 0.8805
vn -0.4742 0.0003 0.8804
vn -0.4743 0.0003 0.8804
vn -0.4760 -0.0000 0.8794
vn -0.8742 0.1306 -0.4676
vn -0.8745 0.1277 -0.4678
vn -0.8811 -0.0002 -0.4729
vn 0.8738 -0.1224 0.4706
vn 0.8742 0.1305 0.4676
vn 0.8811 0.0002 0.4729
vn 0.8745 0.1283 0.4678
vn -0.8738 -0.1222 -0.4706
vn -0.8738 -0.1226 -0.4706
vn -0.7634 0.5017 -0.4069
vn -0.7631 0.5023 -0.4067
vn 0.7636 0.5013 0.4070
vn 0.7629 0.5027 0.4066
vn 0.7725 -0.4797 0.4161
vn -0.7723 -0.4801 -0.4159
vn -0.7727 -0.4793 -0.4162
vn -0.0995 -0.1808 0.9785
vn 0.0895 -0.1330 0.9871
vn 0.0689 -0.2856 0.9559
vn -0.2947 -0.1317 0.9465
vn -0.0939 -0.1792 0.9793
vn -0.3033 -0.2789 0.9112
vn -0.2925 -0.1578 0.9432
vn -0.2592 0.4663 0.8458
vn 0.0834 0.4662 0.8807
vn 0.0897 -0.1607 0.9829
vn -0.9968 0.0006 -0.0800
vn -0.9558 -0.2719 -0.1118
vn -0.9625 -0.2483 -0.1093
vn 0.9681 -0.2447 0.0533
vn 0.9633 -0.2638 0.0503
vn 0.9958 0.0128 0.0902
vn -0.0972 -0.2925 0.9513
vn -0.6188 -0.7723 -0.1435
vn -0.6243 -0.7679 -0.1435
vn 0.0096 -0.9932 -0.1158
vn 0.0125 -0.9932 -0.1155
vn 0.6335 -0.7728 -0.0389
vn 0.6414 -0.7663 -0.0375
vn -0.0985 -0.3816 0.9191
vn -0.1026 -0.5014 0.8591
vn 0.0705 -0.5079 0.8585
vn 0.0815 -0.3964 0.9145
vn -0.1016 -0.3813 0.9189
vn -0.2750 -0.3968 0.8758
vn -0.2635 -0.5087 0.8196
vn -0.0966 -0.5000 0.8606
vn -0.0838 0.0031 0.9965
vn -0.0943 -0.2912 0.9520
vn 0.0895 -0.2936 0.9517
vn -0.1015 -0.2903 0.9516
vn -0.2821 -0.2935 0.9134
vn 0.0995 -0.1808 -0.9785
vn -0.0900 -0.1334 -0.9870
vn -0.0689 -0.2856 -0.9559
vn 0.2947 -0.1332 -0.9463
vn 0.0921 -0.1806 -0.9792
vn 0.3014 -0.2856 -0.9097
vn 0.0744 0.9677 -0.2408
vn 0.2596 0.4679 -0.8448
vn -0.0840 0.4679 -0.8798
vn -0.0233 0.9677 -0.2509
vn 0.9968 0.0006 0.0800
vn 0.9558 -0.2719 0.1118
vn 0.9625 -0.2483 0.1093
vn -0.9681 -0.2447 -0.0533
vn -0.9633 -0.2638 -0.0503
vn -0.9958 0.0128 -0.0902
vn 0.0969 -0.2897 -0.9522
vn 0.6188 -0.7723 0.1435
vn 0.6243 -0.7679 0.1435
vn -0.0096 -0.9932 0.1158
vn -0.0125 -0.9932 0.1155
vn -0.6335 -0.7728 0.0389
vn -0.6414 -0.7663 0.0375
vn 0.1034 -0.3850 -0.9171
vn 0.1052 -0.5020 -0.8585
vn -0.0708 -0.5090 -0.8579
vn -0.0823 -0.3999 -0.9129
vn 0.0924 -0.3847 -0.9184
vn 0.2729 -0.3998 -0.8750
vn 0.2624 -0.5089 -0.8198
vn 0.0885 -0.4998 -0.8616
vn 0.0838 0.0031 -0.9965
vn 0.0839 0.0031 -0.9965
vn 0.1001 -0.2892 -0.9520
vn -0.0904 -0.2938 -0.9516
vn 0.0940 -0.2873 -0.9532
vn 0.2803 -0.2937 -0.9139
vn -0.6195 -0.1814 -0.7638
vn -0.7612 -0.1335 -0.6347
vn -0.7236 -0.2858 -0.6282
vn -0.4610 -0.1326 -0.8774
vn -0.6243 -0.1802 -0.7601
vn -0.4322 -0.2822 -0.8565
vn -0.4598 -0.1589 -0.8737
vn -0.4133 0.4702 -0.7798
vn -0.6801 0.4680 -0.5643
vn -0.1938 0.9677 -0.1610
vn 0.7650 0.0006 -0.6440
vn 0.7582 -0.2719 -0.5926
vn 0.7612 -0.2483 -0.5991
vn -0.7258 -0.2447 0.6429
vn -0.7203 -0.2638 0.6416
vn -0.7715 0.0128 0.6361
vn -0.6015 -0.2878 -0.7452
vn 0.5409 -0.7723 -0.3331
vn 0.5448 -0.7679 -0.3369
vn 0.0746 -0.9932 0.0891
vn 0.0723 -0.9932 0.0909
vn -0.4231 -0.7728 0.4731
vn -0.4296 -0.7663 0.4777
vn -0.5757 -0.3844 -0.7217
vn -0.5334 -0.5022 -0.6807
vn -0.6564 -0.5089 -0.5569
vn -0.7031 -0.3996 -0.5882
vn -0.5807 -0.3825 -0.7187
vn -0.4265 -0.3973 -0.8126
vn -0.3955 -0.5088 -0.7646
vn -0.5442 -0.4998 -0.6739
vn -0.6411 0.0031 -0.7675
vn -0.6012 -0.2881 -0.7453
vn -0.7357 -0.2933 -0.6105
vn -0.6022 -0.2863 -0.7453
vn -0.4476 -0.2903 -0.8458
vn 0.6195 -0.1820 0.7636
vn 0.7605 -0.1332 0.6355
vn 0.7191 -0.2828 0.6348
vn 0.4593 -0.1331 0.8782
vn 0.6239 -0.1805 0.7603
vn 0.4184 -0.2863 0.8620
vn 0.1165 0.9677 0.2234
vn 0.4108 0.4675 0.7827
vn 0.6776 0.4708 0.5649
vn 0.1925 0.9679 0.1615
vn -0.7650 0.0006 0.6440
vn -0.7582 -0.2719 0.5926
vn -0.7612 -0.2483 0.5991
vn 0.7258 -0.2447 -0.6429
vn 0.7203 -0.2638 -0.6416
vn 0.7715 0.0128 -0.6361
vn 0.6038 -0.2864 0.7439
vn -0.5409 -0.7723 0.3331
vn -0.5448 -0.7679 0.3369
vn -0.0746 -0.9932 -0.0891
vn -0.0723 -0.9932 -0.0909
vn 0.4231 -0.7728 -0.4731
vn 0.4296 -0.7663 -0.4777
vn 0.5774 -0.3821 0.7216
vn 0.5335 -0.5026 0.6803
vn 0.6528 -0.5087 0.5614
vn 0.7003 -0.3965 0.5936
vn 0.5801 -0.3847 0.7180
vn 0.4190 -0.4003 0.8150
vn 0.3868 -0.5090 0.7690
vn 0.5429 -0.4998 0.6748
vn 0.6411 0.0031 0.7675
vn 0.6039 -0.2854 0.7442
vn 0.7337 -0.2889 0.6150
vn 0.6034 -0.2873 0.7438
vn 0.4423 -0.2948 0.8470
vn 0.9784 -0.1824 0.0972
vn 0.9870 -0.1332 -0.0900
vn 0.9568 -0.2821 -0.0710
vn 0.9459 -0.1335 0.2957
vn 0.9788 -0.1819 0.0946
vn 0.9086 -0.2824 0.3078
vn 0.2394 0.9680 0.0747
vn 0.8427 0.4710 0.2607
vn 0.8783 0.4707 -0.0842
vn 0.2498 0.9680 -0.0231
vn -0.0791 0.0006 0.9969
vn -0.1110 -0.2719 0.9559
vn -0.1085 -0.2483 0.9626
vn 0.0524 -0.2447 -0.9682
vn 0.0495 -0.2638 -0.9633
vn 0.0893 0.0128 -0.9959
vn 0.9544 -0.2818 0.0983
vn -0.1430 -0.7723 0.6189
vn -0.1429 -0.7679 0.6244
vn -0.1158 -0.9932 -0.0095
vn -0.1155 -0.9932 -0.0124
vn -0.0395 -0.7728 -0.6335
vn -0.0381 -0.7663 -0.6413
vn 0.9191 -0.3821 0.0960
vn 0.8589 -0.5026 0.0982
vn 0.8579 -0.5087 -0.0718
vn 0.9141 -0.3969 -0.0826
vn 0.9187 -0.3805 0.1060
vn 0.8749 -0.3965 0.2782
vn 0.8186 -0.5087 0.2669
vn 0.8600 -0.5001 0.1013
vn 0.9965 0.0031 0.0829
vn 0.9965 0.0031 0.0830
vn 0.9539 -0.2854 0.0930
vn 0.9529 -0.2896 -0.0905
vn 0.9532 -0.2834 0.1051
vn 0.9140 -0.2888 0.2850
vn -0.9785 -0.1806 -0.0993
vn -0.9870 -0.1331 0.0897
vn -0.9559 -0.2856 0.0681
vn -0.9463 -0.1333 -0.2944
vn -0.9793 -0.1806 -0.0914
vn -0.9109 -0.2856 -0.2978
vn -0.2411 0.9676 -0.0747
vn -0.8450 0.4680 -0.2588
vn -0.8799 0.4677 0.0838
vn -0.9831 -0.1588 0.0913
vn 0.0791 0.0006 -0.9969
vn 0.1110 -0.2719 -0.9559
vn 0.1085 -0.2483 -0.9626
vn -0.0524 -0.2447 0.9682
vn -0.0495 -0.2638 0.9633
vn -0.0893 0.0128 0.9959
vn -0.9521 -0.2901 -0.0965
vn 0.1430 -0.7723 -0.6189
vn 0.1429 -0.7679 -0.6244
vn 0.1158 -0.9932 0.0095
vn 0.1155 -0.9932 0.0124
vn 0.0395 -0.7728 0.6335
vn 0.0381 -0.7663 0.6413
vn -0.9169 -0.3852 -0.1042
vn -0.8584 -0.5019 -0.1062
vn -0.8579 -0.5090 0.0703
vn -0.9129 -0.4000 0.0819
vn -0.9185 -0.3847 -0.0916
vn -0.8758 -0.3995 -0.2709
vn -0.8207 -0.5089 -0.2599
vn -0.8617 -0.4998 -0.0877
vn -0.9965 0.0031 -0.0829
vn -0.9965 0.0031 -0.0830
vn -0.9519 -0.2895 -0.1003
vn -0.9515 -0.2940 0.0903
vn -0.9533 -0.2873 -0.0931
vn -0.9144 -0.2931 -0.2791
vn -0.7623 -0.1809 0.6214
vn -0.6344 -0.1332 0.7614
vn -0.6268 -0.2856 0.7249
vn -0.8776 -0.1332 0.4606
vn -0.7579 -0.1806 0.6269
vn -0.8571 -0.2856 0.4288
vn -0.2233 0.9676 0.1177
vn -0.7810 0.4677 0.4138
vn -0.5632 0.4663 0.6822
vn -0.1614 0.9676 0.1941
vn -0.6478 0.0006 -0.7618
vn -0.5963 -0.2719 -0.7553
vn -0.6028 -0.2483 -0.7583
vn 0.6464 -0.2447 0.7227
vn 0.6451 -0.2638 0.7171
vn 0.6399 0.0128 0.7684
vn -0.7411 -0.2905 0.6053
vn -0.3357 -0.7723 -0.5393
vn -0.3396 -0.7679 -0.5431
vn 0.0887 -0.9932 -0.0750
vn 0.0906 -0.9932 -0.0728
vn 0.4752 -0.7728 0.4207
vn 0.4798 -0.7663 0.4273
vn -0.7197 -0.3816 0.5800
vn -0.6799 -0.5016 0.5348
vn -0.5572 -0.5079 0.6569
vn -0.5895 -0.3963 0.7038
vn -0.7151 -0.3847 0.5836
vn -0.8121 -0.3999 0.4250
vn -0.7657 -0.5090 0.3933
vn -0.6722 -0.4998 0.5462
vn -0.7643 0.0031 0.6448
vn -0.7403 -0.2906 0.6062
vn -0.6105 -0.2934 0.7357
vn -0.7409 -0.2873 0.6071
vn -0.8447 -0.2939 0.4473
vn 0.7624 -0.1816 -0.6211
vn 0.6345 -0.1334 -0.7613
vn 0.6268 -0.2856 -0.7249
vn 0.8776 -0.1329 -0.4606
vn 0.7590 -0.1807 -0.6255
vn 0.8577 -0.2822 -0.4298
vn 0.8735 -0.1576 -0.4607
vn 0.7794 0.4707 -0.4135
vn 0.5621 0.4721 -0.6791
vn 0.6299 -0.1571 -0.7606
vn 0.6478 0.0006 0.7618
vn 0.5963 -0.2719 0.7553
vn 0.6028 -0.2484 0.7583
vn -0.6464 -0.2447 -0.7227
vn -0.6451 -0.2638 -0.7171
vn -0.6399 0.0128 -0.7684
vn 0.7446 -0.2826 -0.6047
vn 0.3357 -0.7723 0.5393
vn 0.3396 -0.7679 0.5431
vn -0.0887 -0.9932 0.0750
vn -0.0906 -0.9932 0.0728
vn -0.4752 -0.7728 -0.4207
vn -0.4798 -0.7663 -0.4273
vn 0.7213 -0.3849 -0.5758
vn 0.6810 -0.5020 -0.5332
vn 0.5563 -0.5089 -0.6569
vn 0.5871 -0.3998 -0.7039
vn 0.7212 -0.3814 -0.5782
vn 0.8136 -0.3968 -0.4250
vn 0.7658 -0.5087 -0.3935
vn 0.6765 -0.5000 -0.5407
vn 0.7643 0.0031 -0.6448
vn 0.7448 -0.2837 -0.6039
vn 0.6095 -0.2896 -0.7380
vn 0.7462 -0.2847 -0.6018
vn 0.8463 -0.2895 -0.4472
vn 0.9414 -0.1816 -0.2841
vn 0.9402 -0.1815 -0.2883
vn 0.3073 0.0006 0.9516
vn 0.2622 -0.2719 0.9259
vn 0.2671 -0.2483 0.9311
vn -0.3210 -0.2447 -0.9149
vn -0.3219 -0.2638 -0.9093
vn -0.2975 0.0128 -0.9546
vn 0.9184 -0.2840 -0.2754
vn 0.1040 -0.7723 0.6267
vn 0.1061 -0.7679 0.6317
vn -0.1106 -0.9932 0.0354
vn -0.1115 -0.9932 0.0326
vn -0.2782 -0.7728 -0.5705
vn -0.2800 -0.7663 -0.5783
vn 0.8862 -0.3821 -0.2620
vn 0.8314 -0.5026 -0.2370
vn 0.8871 -0.3816 -0.2597
vn 0.8315 -0.4999 -0.2422
vn 0.9528 0.0031 -0.3036
vn 0.9172 -0.2854 -0.2780
vn 0.9193 -0.2849 -0.2716
vn -0.9421 -0.1808 0.2823
vn -0.9400 -0.1805 0.2895
vn -0.3073 0.0006 -0.9516
vn -0.2622 -0.2719 -0.9259
vn -0.2671 -0.2483 -0.9311
vn 0.3210 -0.2447 0.9149
vn 0.3219 -0.2638 0.9093
vn 0.2975 0.0128 0.9546
vn -0.9169 -0.2898 0.2745
vn -0.1040 -0.7723 -0.6267
vn -0.1061 -0.7679 -0.6317
vn 0.1106 -0.9932 -0.0354
vn 0.1115 -0.9932 -0.0326
vn 0.2782 -0.7728 0.5705
vn 0.2800 -0.7663 0.5783
vn -0.8870 -0.3850 0.2550
vn -0.8335 -0.5020 0.2309
vn -0.8839 -0.3847 0.2659
vn -0.8299 -0.4998 0.2477
vn -0.9528 0.0031 0.3036
vn -0.9180 -0.2892 0.2715
vn -0.9167 -0.2873 0.2777
vn 0.2792 -0.1810 0.9430
vn 0.2892 -0.1796 0.9403
vn -0.9516 0.0006 0.3073
vn -0.9259 -0.2719 0.2622
vn -0.9311 -0.2483 0.2671
vn 0.9149 -0.2447 -0.3210
vn 0.9093 -0.2638 -0.3219
vn 0.9546 0.0128 -0.2975
vn 0.2704 -0.2935 0.9169
vn -0.6267 -0.7723 0.1040
vn -0.6317 -0.7679 0.1061
vn -0.0354 -0.9932 -0.1106
vn -0.0326 -0.9932 -0.1115
vn 0.5705 -0.7728 -0.2782
vn 0.5783 -0.7663 -0.2800
vn 0.2463 -0.3860 0.8890
vn 0.2213 -0.5016 0.8363
vn 0.2598 -0.3809 0.8874
vn 0.2441 -0.4989 0.8316
vn 0.3036 0.0031 0.9528
vn 0.2657 -0.2909 0.9191
vn 0.2707 -0.2900 0.9180
vn -0.2843 -0.1811 -0.9415
vn -0.2897 -0.1814 -0.9398
vn 0.9516 0.0006 -0.3073
vn 0.9259 -0.2719 -0.2622
vn 0.9311 -0.2483 -0.2671
vn -0.9149 -0.2447 0.3210
vn -0.9093 -0.2638 0.3219
vn -0.9546 0.0128 0.2975
vn -0.2780 -0.2864 -0.9169
vn 0.6267 -0.7723 -0.1040
vn 0.6317 -0.7679 -0.1061
vn 0.0354 -0.9932 0.1106
vn 0.0326 -0.9932 0.1115
vn -0.5705 -0.7728 0.2782
vn -0.5783 -0.7663 0.2800
vn -0.2620 -0.3821 -0.8862
vn -0.2370 -0.5026 -0.8314
vn -0.2659 -0.3847 -0.8839
vn -0.2477 -0.4998 -0.8299
vn -0.3036 0.0031 -0.9528
vn -0.2780 -0.2854 -0.9172
vn -0.2777 -0.2873 -0.9167
vn -0.8659 -0.1813 -0.4662
vn -0.8685 -0.1809 -0.4616
vn 0.4578 0.0006 -0.8890
vn 0.4714 -0.2719 -0.8390
vn 0.4716 -0.2483 -0.8461
vn -0.4221 -0.2447 0.8729
vn -0.4175 -0.2638 0.8695
vn -0.4668 0.0128 0.8843
vn -0.8428 -0.2880 -0.4548
vn 0.3708 -0.7723 -0.5158
vn 0.3729 -0.7679 -0.5208
vn 0.1031 -0.9932 0.0535
vn 0.1018 -0.9932 0.0561
vn -0.2081 -0.7728 0.5996
vn -0.2124 -0.7663 0.6063
vn -0.8100 -0.3842 -0.4430
vn -0.7552 -0.5022 -0.4213
vn -0.8119 -0.3847 -0.4390
vn -0.7610 -0.4998 -0.4136
vn -0.8873 0.0031 -0.4612
vn -0.8425 -0.2879 -0.4553
vn -0.8434 -0.2873 -0.4539
vn 0.8653 -0.1829 0.4668
vn 0.8669 -0.1812 0.4644
vn -0.4578 0.0006 0.8890
vn -0.4714 -0.2719 0.8390
vn -0.4716 -0.2483 0.8461
vn 0.4221 -0.2447 -0.8729
vn 0.4175 -0.2638 -0.8695
vn 0.4668 0.0128 -0.8843
vn 0.8426 -0.2822 0.4587
vn -0.3708 -0.7723 0.5158
vn -0.3729 -0.7679 0.5208
vn -0.1031 -0.9932 -0.0535
vn -0.1018 -0.9932 -0.0561
vn 0.2081 -0.7728 -0.5996
vn 0.2124 -0.7663 -0.6063
vn 0.8108 -0.3821 0.4434
vn 0.7544 -0.5026 0.4222
vn 0.8071 -0.3807 0.4513
vn 0.7549 -0.5001 0.4243
vn 0.8873 0.0031 0.4612
vn 0.8440 -0.2854 0.4540
vn 0.8391 -0.2836 0.4641
vn 0.4663 -0.1808 -0.8660
vn 0.4600 -0.1806 -0.8694
vn 0.8902 0.0006 0.4556
vn 0.8401 -0.2719 0.4693
vn 0.8473 -0.2483 0.4695
vn -0.8739 -0.2448 -0.4200
vn -0.8706 -0.2638 -0.4154
vn -0.8854 0.0128 -0.4646
vn 0.4564 -0.2848 -0.8430
vn 0.5167 -0.7723 0.3696
vn 0.5217 -0.7679 0.3716
vn -0.0532 -0.9932 0.1033
vn -0.0558 -0.9932 0.1019
vn -0.6001 -0.7728 -0.2066
vn -0.6069 -0.7663 -0.2109
vn 0.4459 -0.3849 -0.8081
vn 0.4250 -0.5020 -0.7532
vn 0.4370 -0.3847 -0.8130
vn 0.4117 -0.4998 -0.7620
vn 0.4590 0.0031 -0.8884
vn 0.4565 -0.2890 -0.8415
vn 0.4532 -0.2814 -0.8458
vn -0.4650 -0.1797 0.8669
vn -0.4600 -0.1806 0.8694
vn -0.8902 0.0006 -0.4556
vn -0.8401 -0.2719 -0.4693
vn -0.8473 -0.2483 -0.4695
vn 0.8739 -0.2447 0.4200
vn 0.8706 -0.2638 0.4154
vn 0.8854 0.0128 0.4646
vn -0.4540 -0.2922 0.8417
vn -0.5167 -0.7723 -0.3696
vn -0.5217 -0.7679 -0.3716
vn 0.0532 -0.9932 -0.1033
vn 0.0558 -0.9932 -0.1019
vn 0.6001 -0.7728 0.2066
vn 0.6069 -0.7663 0.2109
vn -0.4414 -0.3821 0.8119
vn -0.4203 -0.5026 0.7555
vn -0.4445 -0.3807 0.8109
vn -0.4160 -0.4988 0.7604
vn -0.4590 0.0031 0.8884
vn -0.4517 -0.2907 0.8435
vn -0.4582 -0.2903 0.8401
vn -0.5388 0.6979 0.4718
vn -0.3526 0.7109 -0.6085
vn -0.5901 -0.0000 -0.8073
vn -0.8073 -0.0000 0.5901
vn 0.6788 -0.0000 0.7343
vn 0.7343 -0.0000 -0.6788
vn 0.4561 0.7166 -0.5277
vn 0.4434 0.6930 0.5685
vn 0.0930 0.6098 -0.7871
vn -0.0931 0.6079 0.7885
vn -0.3086 0.6979 0.6463
vn -0.5643 0.7109 -0.4197
vn -0.8610 -0.0000 -0.5085
vn -0.5085 -0.0000 0.8610
vn 0.9137 -0.0000 0.4064
vn 0.4064 -0.0000 -0.9137
vn 0.2105 0.7166 -0.6649
vn 0.6320 0.6930 0.3471
vn -0.2255 0.6098 -0.7598
vn 0.2260 0.6079 0.7612
vn -0.0594 0.6979 0.7137
vn -0.6765 0.7109 -0.1924
vn -0.9854 -0.0000 -0.1702
vn -0.1702 -0.0000 0.9854
vn 0.9984 -0.0000 0.0560
vn 0.0560 -0.0000 -0.9984
vn -0.0389 0.7166 -0.6964
vn 0.7140 0.6930 0.1004
vn -0.4803 0.6098 -0.6305
vn 0.4812 0.6079 0.6316
vn 0.2245 0.6979 0.6801
vn -0.6978 0.7109 0.0876
vn -0.9735 -0.0000 0.2288
vn 0.2288 -0.0000 0.9735
vn 0.9408 -0.0000 -0.3390
vn -0.3390 -0.0000 -0.9408
vn -0.3082 0.7166 -0.6256
vn 0.6964 0.6930 -0.1868
vn -0.6886 0.6098 -0.3924
vn 0.6899 0.6079 0.3931
vn 0.4639 0.6979 0.5456
vn -0.6136 0.7109 0.3438
vn -0.8158 -0.0000 0.5783
vn 0.5783 -0.0000 0.8158
vn 0.7440 -0.0000 -0.6681
vn -0.6681 -0.0000 -0.7440
vn -0.5210 0.7166 -0.4637
vn 0.5748 0.6930 -0.4352
vn -0.7857 0.6098 -0.1044
vn 0.7871 0.6079 0.1045
vn 0.6400 0.6979 0.3215
vn -0.4309 0.7109 0.5558
vn -0.5256 -0.0000 0.8507
vn 0.8507 -0.0000 0.5256
vn 0.4246 -0.0000 -0.9054
vn -0.9054 -0.0000 -0.4246
vn -0.6606 0.7166 -0.2237
vn 0.3596 0.6929 -0.6249
vn -0.7642 0.6098 0.2103
vn 0.7655 0.6079 -0.2107
vn 0.7140 0.6979 0.0554
vn -0.1886 0.7109 0.6775
vn -0.1647 -0.0000 0.9863
vn 0.9863 -0.0000 0.1647
vn 0.0504 -0.0000 -0.9987
vn -0.9987 -0.0000 -0.0504
vn -0.6961 0.7166 0.0428
vn 0.0964 0.6930 -0.7145
vn -0.6278 0.6098 0.4838
vn 0.6289 0.6079 -0.4847
vn 0.6803 0.6979 -0.2239
vn 0.0869 0.7109 0.6979
vn 0.2279 -0.0000 0.9737
vn 0.9737 -0.0000 -0.2279
vn -0.3381 -0.0000 -0.9411
vn -0.9411 -0.0000 0.3381
vn -0.6259 0.7166 0.3076
vn -0.1862 0.6930 -0.6965
vn -0.3930 0.6098 0.6883
vn 0.3937 0.6079 -0.6895
vn 0.5471 0.6979 -0.4621
vn 0.3417 0.7109 0.6147
vn 0.5756 -0.0000 0.8177
vn 0.8177 -0.0000 -0.5756
vn -0.6656 -0.0000 -0.7463
vn -0.7463 -0.0000 0.6656
vn -0.4654 0.7166 0.5194
vn -0.4332 0.6930 -0.5763
vn -0.1070 0.6098 0.7853
vn 0.1071 0.6079 -0.7867
vn 0.3250 0.6979 -0.6382
vn 0.5534 0.7109 0.4340
vn 0.8478 -0.0000 0.5303
vn 0.5303 -0.0000 -0.8478
vn -0.9030 -0.0000 -0.4295
vn -0.4295 -0.0000 0.9030
vn -0.2274 0.7166 0.6593
vn -0.6229 0.6930 -0.3631
vn 0.2061 0.6098 0.7653
vn -0.2065 0.6079 -0.7667
vn 0.0658 0.6979 -0.7131
vn 0.6747 0.7109 0.1984
vn 0.9838 -0.0000 0.1791
vn 0.1791 -0.0000 -0.9838
vn -0.9979 -0.0000 -0.0650
vn -0.0650 -0.0000 0.9979
vn 0.0327 0.7166 0.6967
vn -0.7130 0.6930 -0.1069
vn 0.4746 0.6098 0.6348
vn -0.4755 0.6079 -0.6359
vn -0.2232 0.6979 -0.6805
vn 0.6980 0.7109 -0.0863
vn 0.9739 -0.0000 -0.2270
vn -0.2270 -0.0000 -0.9739
vn -0.9414 -0.0000 0.3372
vn 0.3372 -0.0000 0.9414
vn 0.3070 0.7166 0.6262
vn -0.6967 0.6930 0.1855
vn 0.6879 0.6098 0.3937
vn -0.6891 0.6079 -0.3944
vn -0.4732 0.6979 -0.5376
vn 0.6076 0.7109 -0.3542
vn 0.8058 -0.0000 -0.5922
vn -0.5922 -0.0000 -0.8058
vn -0.7325 -0.0000 0.6807
vn 0.6807 -0.0000 0.7325
vn 0.5288 0.7166 0.4547
vn -0.5673 0.6929 0.4449
vn 0.7873 0.6098 0.0909
vn -0.7888 0.6079 -0.0911
vn -0.6402 0.6979 -0.3210
vn 0.4305 0.7109 -0.5561
vn 0.5251 -0.0000 -0.8511
vn -0.8511 -0.0000 -0.5251
vn -0.4240 -0.0000 0.9057
vn 0.9057 -0.0000 0.4240
vn 0.6607 0.7166 0.2233
vn -0.3592 0.6930 0.6251
vn 0.7640 0.6098 -0.2108
vn -0.7654 0.6079 0.2112
vn -0.7141 0.6979 -0.0549
vn 0.1881 0.7109 -0.6777
vn 0.1640 -0.0000 -0.9865
vn -0.9865 -0.0000 -0.1640
vn -0.0497 -0.0000 0.9988
vn 0.9988 -0.0000 0.0497
vn 0.6961 0.7166 -0.0433
vn -0.0960 0.6930 0.7146
vn 0.6274 0.6098 -0.4842
vn -0.6285 0.6079 0.4851
vn -0.6812 0.6979 0.2211
vn -0.0841 0.7109 -0.6982
vn -0.2240 -0.0000 -0.9746
vn -0.9746 -0.0000 0.2240
vn 0.3343 -0.0000 0.9425
vn 0.9425 -0.0000 -0.3343
vn 0.6272 0.7166 -0.3051
vn 0.1834 0.6930 0.6973
vn 0.3958 0.6098 -0.6867
vn -0.3964 0.6079 0.6879
vn 0.8796 0.0170 0.4753
vn 0.7702 0.0191 0.6375
vn 0.8801 0.0182 0.4744
vn 0.9553 0.0191 0.2949
vn 0.8791 0.0181 0.4764
vn 0.9552 0.0190 0.2953
vn 0.7706 0.0191 0.6371
vn 0.8796 0.0191 0.4754
vn 0.8795 0.0216 0.4753
vn 0.9551 0.0199 0.2955
vn 0.7708 0.0200 0.6367
vn 0.9550 0.0199 0.2961
vn 0.7713 0.0199 0.6361
vn 0.7715 0.0199 0.6359
vn 0.8795 0.0217 0.4753
vn 0.9549 0.0199 0.2963
vn 0.7711 0.0207 0.6364
vn 0.9550 0.0208 0.2960
vn 0.4753 0.0170 -0.8796
vn 0.6375 0.0191 -0.7702
vn 0.4744 0.0182 -0.8801
vn 0.2949 0.0191 -0.9553
vn 0.4764 0.0181 -0.8791
vn 0.2953 0.0190 -0.9552
vn 0.6373 0.0190 -0.7704
vn 0.4754 0.0191 -0.8796
vn 0.6371 0.0199 -0.7706
vn 0.4753 0.0216 -0.8795
vn 0.2955 0.0199 -0.9551
vn 0.2961 0.0199 -0.9550
vn 0.6366 0.0199 -0.7709
vn 0.6364 0.0199 -0.7711
vn 0.4753 0.0217 -0.8795
vn 0.2963 0.0199 -0.9549
vn 0.6367 0.0208 -0.7708
vn 0.2960 0.0208 -0.9550
vn -0.8797 0.0161 -0.4753
vn -0.7701 0.0189 -0.6376
vn -0.8805 0.0175 -0.4738
vn -0.9554 0.0190 -0.2948
vn -0.8787 0.0175 -0.4770
vn -0.8796 0.0190 -0.4753
vn -0.9553 0.0197 -0.2951
vn -0.8795 0.0194 -0.4756
vn -0.8797 0.0194 -0.4752
vn -0.7701 0.0197 -0.6376
vn -0.8810 0.0194 -0.4727
vn -0.8781 0.0194 -0.4780
vn -0.7706 0.0192 -0.6371
vn -0.8815 0.0183 -0.4717
vn -0.8776 0.0183 -0.4790
vn -0.9550 0.0193 -0.2961
vn -0.9548 0.0213 -0.2963
vn -0.8775 0.0261 -0.4789
vn -0.8814 0.0261 -0.4717
vn -0.7705 0.0213 -0.6370
vn -0.7710 0.0186 -0.6366
vn -0.8827 0.0157 -0.4696
vn -0.8765 0.0157 -0.4811
vn -0.9547 0.0185 -0.2969
vn -0.8825 0.0287 -0.4695
vn -0.7709 0.0218 -0.6366
vn -0.9548 0.0216 -0.2965
vn -0.8763 0.0287 -0.4810
vn -0.4753 0.0170 0.8796
vn -0.6376 0.0189 0.7701
vn -0.4744 0.0182 0.8801
vn -0.2948 0.0190 0.9554
vn -0.4764 0.0181 0.8791
vn -0.2955 0.0191 0.9551
vn -0.4764 0.0182 0.8791
vn -0.6370 0.0191 0.7706
vn -0.4754 0.0191 0.8796
vn -0.6366 0.0200 0.7709
vn -0.4753 0.0216 0.8795
vn -0.2960 0.0200 0.9550
vn -0.2967 0.0199 0.9548
vn -0.4753 0.0217 0.8795
vn -0.6360 0.0199 0.7715
vn -0.6358 0.0199 0.7716
vn -0.2969 0.0199 0.9547
vn -0.6363 0.0207 0.7711
vn -0.2963 0.0208 0.9549
vn 0.7634 0.0863 0.6402
vn 0.4607 0.0303 0.8870
vn 0.6210 0.0605 0.7815
vn 0.8119 0.1097 0.5734
vn 0.9939 0.0600 0.0923
vn 0.9945 0.0306 -0.1004
vn 0.9536 0.0849 0.2887
vn 0.9228 0.1055 0.3705
vn 0.8212 0.3589 0.4437
vn 0.9148 0.3486 0.2043
vn 0.6720 0.3488 0.6532
vn 0.9944 0.0157 -0.1045
vn 0.4572 0.0157 0.8892
vn 0.6401 0.0860 -0.7634
vn 0.8870 0.0305 -0.4607
vn 0.7815 0.0605 -0.6210
vn 0.5734 0.1098 -0.8119
vn 0.0923 0.0600 -0.9939
vn -0.1006 0.0303 -0.9945
vn 0.2886 0.0844 -0.9537
vn 0.3705 0.1055 -0.9228
vn 0.4437 0.3590 -0.8212
vn 0.2043 0.3485 -0.9148
vn 0.6532 0.3488 -0.6720
vn -0.1045 0.0157 -0.9944
vn 0.8892 0.0157 -0.4572
vn -0.7634 0.0860 -0.6401
vn -0.4607 0.0304 -0.8870
vn -0.6208 0.0606 -0.7816
vn -0.8119 0.1098 -0.5734
vn -0.9939 0.0601 -0.0921
vn -0.9945 0.0302 0.1005
vn -0.9537 0.0844 -0.2887
vn -0.9228 0.1055 -0.3705
vn -0.8212 0.3589 -0.4437
vn -0.9148 0.3486 -0.2040
vn -0.6718 0.3488 -0.6534
vn -0.9944 0.0158 0.1048
vn -0.4570 0.0157 -0.8893
vn -0.6472 0.0646 0.7596
vn -0.8855 0.0243 0.4640
vn -0.7670 0.0409 0.6404
vn -0.5544 0.0863 0.8278
vn -0.1163 0.0407 0.9924
vn 0.0968 0.0241 0.9950
vn -0.2813 0.0636 0.9575
vn -0.3923 0.0836 0.9160
vn -0.4455 0.3487 0.8246
vn -0.2103 0.3479 0.9136
vn -0.6489 0.3482 0.6765
vn 0.0988 0.0176 0.9950
vn -0.8865 0.0176 0.4624
vn 0.9953 0.0244 -0.0934
vn 0.8838 0.0244 -0.4672
vn 0.9553 0.0244 0.2946
vn 0.7699 0.0244 0.6377
vn 0.4672 0.0244 0.8838
vn 0.0934 0.0244 0.9953
vn 0.4046 0.0231 0.9142
vn -0.1025 0.0239 0.9944
vn -0.7757 0.0239 0.6307
vn -0.8838 0.0244 0.4672
vn -0.9863 0.0231 0.1633
vn -0.9953 0.0244 0.0934
vn -0.9553 0.0244 -0.2946
vn -0.7699 0.0244 -0.6377
vn -0.4672 0.0244 -0.8838
vn -0.0934 0.0244 -0.9953
vn 0.2946 0.0244 -0.9553
vn 0.6377 0.0244 -0.7699
vn -0.8838 0.0243 0.4672
vn -0.9953 0.0244 0.0935
vn 0.0118 0.9999 -0.0011
vn 0.0104 0.9999 -0.0055
vn 0.0113 0.9999 0.0035
vn 0.0091 0.9999 0.0075
vn 0.0055 0.9999 0.0104
vn 0.0011 0.9999 0.0118
vn -0.0012 0.9999 0.0120
vn -0.0029 1.0000 0.0009
vn -0.0089 1.0000 0.0002
vn -0.0113 0.9999 -0.0035
vn -0.0091 0.9999 -0.0075
vn -0.0055 0.9999 -0.0104
vn -0.0011 0.9999 -0.0118
vn 0.0035 0.9999 -0.0113
vn 0.0075 0.9999 -0.0091
vn 0.8841 -0.0000 -0.4673
vn 0.9956 -0.0000 -0.0935
vn 0.9556 -0.0000 0.2947
vn 0.7701 -0.0000 0.6379
vn 0.4674 -0.0000 0.8841
vn 0.0935 -0.0000 0.9956
vn -0.2947 -0.0000 0.9556
vn -0.6379 -0.0000 0.7701
vn -0.8841 -0.0000 0.4673
vn -0.9956 -0.0000 0.0935
vn -0.9556 -0.0000 -0.2947
vn -0.7701 -0.0000 -0.6379
vn -0.4673 -0.0000 -0.8841
vn -0.0935 -0.0000 -0.9956
vn 0.2947 -0.0000 -0.9556
vn 0.6379 -0.0000 -0.7701
vn -0.0495 -0.9984 0.0262
vn -0.0557 -0.9984 0.0052
vn -0.0535 -0.9984 -0.0165
vn -0.0431 -0.9984 -0.0357
vn -0.0262 -0.9984 -0.0495
vn -0.0052 -0.9984 -0.0557
vn 0.0165 -0.9984 -0.0535
vn 0.0357 -0.9984 -0.0431
vn 0.0495 -0.9984 -0.0262
vn 0.0557 -0.9984 -0.0052
vn 0.0535 -0.9984 0.0165
vn 0.0431 -0.9984 0.0357
vn 0.0262 -0.9984 0.0495
vn 0.0052 -0.9984 0.0557
vn -0.0165 -0.9984 0.0535
vn -0.0357 -0.9984 0.0431
vn 0.4673 -0.0000 0.8841
vn -0.8841 -0.0000 0.4674
vn -0.0141 0.9999 0.0074
vn -0.0159 0.9999 0.0015
vn -0.0152 0.9999 -0.0047
vn -0.0123 0.9999 -0.0102
vn -0.0074 0.9999 -0.0141
vn -0.0015 0.9999 -0.0159
vn 0.0047 0.9999 -0.0152
vn 0.0102 0.9999 -0.0123
vn 0.0141 0.9999 -0.0074
vn 0.0159 0.9999 -0.0015
vn 0.0152 0.9999 0.0047
vn 0.0123 0.9999 0.0102
vn 0.0074 0.9999 0.0141
vn 0.0015 0.9999 0.0159
vn -0.0047 0.9999 0.0152
vn -0.0102 0.9999 0.0123
vn -0.0014 1.0000 0.0025
vn 0.8414 -0.0558 0.5376
vn 0.8654 -0.0237 0.5005
vn 0.8597 -0.0316 0.5098
vn -0.9107 -0.0557 -0.4094
vn -0.8974 -0.0315 -0.4400
vn -0.8929 -0.0237 -0.4497
vn 0.8804 0.0135 0.4741
vn 0.4707 0.0225 0.8820
vn 0.4651 0.0225 0.8850
vn -0.8804 0.0136 -0.4741
vn -0.9950 0.0226 0.0973
vn -0.9956 0.0225 0.0910
vn -0.2946 0.0244 0.9553
vn -0.6377 0.0244 0.7699
vn -0.1848 0.7739 0.6057
vn -0.2919 0.0245 0.9561
vn -0.6397 0.0245 0.7682
vn -0.4054 0.7739 0.4866
vn -0.1551 0.7841 0.6009
vn -0.2506 0.0245 0.9678
vn -0.6723 0.0245 0.7399
vn -0.4177 0.7841 0.4590
vn 0.5405 0.7888 0.2928
vn 0.8806 0.0047 0.4739
vn 0.2942 0.0202 0.9555
vn 0.1156 0.9166 0.3828
vn -0.8806 0.0048 -0.4738
vn -0.5415 0.7893 -0.2894
vn -0.3842 0.9162 0.1140
vn -0.9600 0.0202 0.2793
vn -0.0027 1.0000 0.0050
vn 0.5123 0.0164 0.8587
vn 0.2601 0.8576 0.4438
vn -0.9989 0.0164 0.0434
vn -0.5143 0.8572 0.0264
vn 0.4744 0.0178 0.8801
vn 0.2320 0.8682 0.4387
vn -0.9960 0.0178 0.0870
vn -0.4946 0.8679 0.0471
vn 0.8814 0.0045 0.4723
vn 0.5357 0.7941 0.2871
vn 0.8811 0.0057 0.4729
vn 0.5431 0.7875 0.2915
vn -0.8797 0.0057 -0.4754
vn -0.5415 0.7881 -0.2926
vn -0.8794 0.0046 -0.4760
vn -0.5342 0.7943 -0.2892
vn 0.8839 0.0194 -0.4673
vn 0.8836 0.0195 -0.4678
vn 0.9955 0.0195 -0.0928
vn 0.9954 0.0194 -0.0934
vn 0.9552 0.0200 0.2952
vn 0.9554 0.0194 0.2946
vn 0.7704 0.0200 0.6372
vn 0.7700 0.0194 0.6378
vn 0.4679 0.0193 0.8836
vn 0.4673 0.0194 0.8839
vn 0.0928 0.0193 0.9955
vn 0.0934 0.0194 0.9954
vn -0.1270 0.0191 0.9917
vn -0.1026 0.0190 0.9945
vn -0.7758 0.0190 0.6307
vn -0.7608 0.0191 0.6487
vn -0.8836 0.0192 0.4678
vn -0.8839 0.0193 0.4673
vn -0.9955 0.0190 0.0933
vn -0.9954 0.0194 0.0935
vn -0.9554 0.0191 -0.2947
vn -0.9554 0.0194 -0.2946
vn -0.7699 0.0192 -0.6378
vn -0.7700 0.0194 -0.6378
vn -0.4672 0.0192 -0.8839
vn -0.4673 0.0194 -0.8839
vn -0.0928 0.0195 -0.9955
vn -0.0934 0.0194 -0.9954
vn 0.2952 0.0200 -0.9552
vn 0.2946 0.0194 -0.9554
vn 0.6373 0.0200 -0.7703
vn 0.6378 0.0194 -0.7700
vn 0.8718 -0.1317 0.4718
vn 0.8716 -0.1331 0.4717
vn -0.8726 -0.1324 -0.4701
vn -0.8724 -0.1343 -0.4700
vn -0.4754 0.0170 0.8796
vn -0.4751 0.0106 0.8798
vn -0.2910 0.0246 0.9564
vn -0.6408 0.0253 0.7673
vn 0.7608 -0.5020 0.4114
vn 0.4377 -0.8672 0.2374
vn -0.0007 -1.0000 0.0013
vn -0.4391 -0.8672 -0.2348
vn -0.7612 -0.5032 -0.4091
vn -0.7616 -0.5024 -0.4093
vn -0.4746 0.0020 0.8802
vn -0.4355 0.0202 0.9000
vn -0.5263 0.0209 0.8500
vn -0.4894 0.0350 0.8714
vn -0.4601 0.0310 0.8873
vn -0.4744 0.0594 0.8783
vn 0.8831 0.0194 -0.4688
vn 0.9956 0.0193 -0.0918
vn 0.4692 0.0192 0.8829
vn 0.0912 0.0192 0.9956
vn -0.8828 0.0191 0.4694
vn -0.9955 0.0191 0.0928
vn -0.4672 0.0193 -0.8839
vn -0.0918 0.0194 -0.9956
vn 0.8833 0.0193 -0.4684
vn 0.9956 0.0193 -0.0922
vn 0.8837 0.0193 -0.4677
vn 0.9955 0.0193 -0.0929
vn 0.4689 0.0194 0.8831
vn 0.4678 0.0194 0.8836
vn 0.0916 0.0194 0.9956
vn 0.0929 0.0194 0.9955
vn -0.8830 0.0194 0.4690
vn -0.8836 0.0194 0.4678
vn -0.9955 0.0195 0.0927
vn -0.9954 0.0195 0.0933
vn -0.4672 0.0194 -0.8839
vn -0.0922 0.0193 -0.9956
vn -0.0929 0.0193 -0.9955
vn -0.7615 0.5020 -0.4101
vn -0.7700 0.4850 -0.4147
vn -0.8504 0.2588 -0.4580
vn -0.0253 -0.9996 -0.0136
vn -0.4384 0.8672 -0.2361
vn -0.4468 0.8617 -0.2406
vn 0.4384 0.8672 0.2361
vn 0.4468 0.8617 0.2406
vn 0.7615 0.5020 0.4101
vn 0.7700 0.4850 0.4147
vn 0.8504 0.2588 0.4580
vn 0.0253 -0.9996 0.0136
vn 0.8504 -0.2588 0.4580
vn 0.7639 -0.4972 0.4114
vn 0.7615 -0.5020 0.4101
vn 0.4384 -0.8672 0.2361
vn -0.4384 -0.8672 -0.2361
vn -0.7639 -0.4972 -0.4114
vn -0.7615 -0.5020 -0.4101
vn -0.8504 -0.2588 -0.4580
vn -0.9221 0.0097 0.3867
vn -0.9208 0.0098 0.3900
vn 0.3845 0.0079 0.9231
vn 0.3917 0.0078 0.9201
vn 0.1846 0.0097 0.9828
vn -0.9838 0.0078 0.1793
vn -0.9823 0.0079 0.1870
vn 0.1811 0.0098 0.9834
vn -0.0101 0.9999 0.0122
vn -0.0140 0.9999 0.0074
vn -0.0140 -0.9999 0.0074
vn -0.0101 -0.9999 0.0122
vn -0.0047 0.9999 0.0151
vn -0.0047 -0.9999 0.0151
vn 0.0015 0.9999 0.0158
vn 0.0015 -0.9999 0.0158
vn 0.0074 0.9999 0.0140
vn 0.0074 -0.9999 0.0140
vn 0.0122 0.9999 0.0101
vn 0.0122 -0.9999 0.0101
vn 0.0151 0.9999 0.0047
vn 0.0151 -0.9999 0.0047
vn 0.0158 0.9999 -0.0015
vn 0.0158 -0.9999 -0.0015
vn 0.0140 0.9999 -0.0074
vn 0.0140 -0.9999 -0.0074
vn 0.0101 0.9999 -0.0122
vn 0.0101 -0.9999 -0.0122
vn 0.0047 0.9999 -0.0151
vn 0.0047 -0.9999 -0.0151
vn -0.0015 0.9999 -0.0158
vn -0.0015 -0.9999 -0.0158
vn -0.0074 0.9999 -0.0140
vn -0.0074 -0.9999 -0.0140
vn -0.0122 0.9999 -0.0101
vn -0.0122 -0.9999 -0.0101
vn -0.0151 0.9999 -0.0047
vn -0.0151 -0.9999 -0.0047
vn -0.0158 0.9999 0.0015
vn -0.0158 -0.9999 0.0015
vn 0.6379 0.0081 -0.7701
vn 0.8840 0.0081 -0.4673
vn 0.2947 0.0081 -0.9556
vn -0.0935 0.0081 -0.9956
vn -0.4673 0.0081 -0.8840
vn -0.7701 0.0081 -0.6379
vn -0.9556 0.0081 -0.2947
vn -0.9956 0.0081 0.0935
vn -0.8840 0.0081 0.4673
vn -0.6379 0.0081 0.7701
vn -0.2947 0.0081 0.9556
vn 0.0935 0.0081 0.9956
vn 0.4673 0.0081 0.8840
vn 0.7701 0.0081 0.6379
vn 0.9556 0.0081 0.2947
vn 0.9956 0.0081 -0.0935
vn -0.0008 1.0000 0.0003
vn -0.0014 1.0000 0.0018
vn -0.0007 1.0000 0.0022
vn 0.0001 1.0000 0.0008
vn -0.0011 1.0000 -0.0001
vn -0.0016 1.0000 0.0014
vn -0.0003 1.0000 0.0022
vn 0.0007 1.0000 0.0008
vn 0.0046 0.9999 -0.0120
vn 0.0075 0.9999 -0.0104
vn 0.0015 1.0000 0.0001
vn -0.0009 1.0000 -0.0012
vn -0.0017 1.0000 0.0015
vn -0.0003 1.0000 0.0023
vn -0.8804 0.0034 -0.4742
vn -0.9581 0.0024 0.2863
vn -0.9573 0.1177 0.2639
vn -0.8726 0.1331 -0.4699
vn 0.8724 0.1351 0.4698
vn 0.3069 0.1190 0.9443
vn 0.2883 0.0024 0.9575
vn 0.8804 0.0034 0.4742
vn -0.8785 0.4099 0.2455
vn -0.6404 0.6657 0.3831
vn -0.3016 0.7717 0.5599
vn 0.0326 0.6657 0.7455
vn 0.2775 0.4110 0.8684
vn 0.7605 0.5040 0.4095
vn -0.7731 -0.5903 0.2322
vn 0.2270 -0.5896 0.7752
vn 0.2311 0.5957 0.7692
vn -0.7704 0.5963 0.2255
vn -0.6484 -0.3189 -0.6913
vn -0.6518 0.3100 -0.6921
vn 0.9374 0.3068 0.1647
vn 0.9349 -0.3156 0.1623
vn 0.6098 0.7213 0.3284
vn -0.6098 0.7213 -0.3284
vn -0.2316 0.5871 -0.7757
vn 0.7717 0.5911 -0.2345
vn 0.2310 0.5988 0.7668
vn -0.7708 0.5948 0.2282
vn -0.9366 -0.3137 -0.1561
vn -0.6533 -0.3127 -0.6895
vn 0.9349 -0.3118 0.1695
vn 0.6486 -0.3129 0.6939
vn 0.9556 -0.0000 -0.2947
vn 0.9574 -0.0000 -0.2889
vn 0.2889 -0.0000 0.9574
vn 0.2938 -0.0000 0.9559
vn -0.9601 -0.0000 0.2798
vn -0.9583 -0.0000 0.2856
vn -0.2856 -0.0000 -0.9583
vn -0.2807 -0.0000 -0.9598
vn -0.3016 0.7717 0.5600
vn 0.4742 0.0034 -0.8804
vn -0.2863 0.0024 -0.9581
vn -0.2639 0.1177 -0.9573
vn 0.4699 0.1331 -0.8726
vn -0.4698 0.1351 0.8724
vn -0.9443 0.1190 0.3069
vn -0.9575 0.0024 0.2883
vn -0.4742 0.0034 0.8804
vn -0.2455 0.4099 -0.8785
vn 0.4101 0.5020 -0.7615
vn -0.3831 0.6657 -0.6404
vn 0.2361 0.8672 -0.4384
vn -0.5599 0.7717 -0.3016
vn -0.7455 0.6657 0.0326
vn -0.2361 0.8672 0.4384
vn -0.8684 0.4110 0.2775
vn -0.4095 0.5040 0.7605
vn -0.2322 -0.5903 -0.7731
vn -0.7752 -0.5896 0.2270
vn -0.7692 0.5957 0.2311
vn -0.2255 0.5964 -0.7704
vn 0.6913 -0.3189 -0.6484
vn 0.6921 0.3100 -0.6518
vn -0.1647 0.3068 0.9374
vn -0.1623 -0.3156 0.9349
vn -0.3284 0.7213 0.6098
vn 0.3284 0.7213 -0.6098
vn 0.7704 0.5963 -0.2255
vn -0.2311 0.5957 -0.7692
vn -0.2269 -0.5896 -0.7752
vn 0.7731 -0.5902 -0.2322
vn 0.6484 -0.3189 0.6913
vn 0.6518 0.3100 0.6921
vn -0.9374 0.3068 -0.1647
vn -0.9349 -0.3156 -0.1623
vn 0.3016 0.7717 -0.5600
vn 0.6404 0.6657 -0.3831
vn -0.0326 0.6657 -0.7455
vn 0.8785 0.4099 -0.2455
vn -0.2775 0.4110 -0.8684
vn 0.9573 0.1177 -0.2639
vn -0.3069 0.1190 -0.9443
vn 0.9581 0.0024 -0.2863
vn -0.2883 0.0024 -0.9575
vn -0.7605 0.5040 -0.4095
vn -0.8724 0.1351 -0.4698
vn 0.8726 0.1331 0.4699
vn 0.2863 0.0024 0.9581
vn 0.2639 0.1177 0.9573
vn -0.4699 0.1331 0.8726
vn 0.4698 0.1351 -0.8724
vn 0.9443 0.1190 -0.3069
vn 0.9575 0.0024 -0.2883
vn 0.2455 0.4099 0.8785
vn -0.4101 0.5020 0.7615
vn 0.3831 0.6657 0.6404
vn 0.5600 0.7717 0.3016
vn 0.7455 0.6657 -0.0326
vn 0.8684 0.4110 -0.2775
vn 0.4095 0.5040 -0.7605
vn 0.2322 -0.5903 0.7731
vn 0.7752 -0.5896 -0.2270
vn 0.7692 0.5957 -0.2311
vn 0.2255 0.5963 0.7704
vn -0.6913 -0.3189 0.6484
vn -0.6921 0.3100 0.6518
vn 0.1647 0.3068 -0.9374
vn 0.1623 -0.3156 -0.9349
vt 0.519677 0.545688
vt 0.514803 0.545789
vt 0.514852 0.508664
vt 0.519725 0.508563
vt 0.483869 0.492521
vt 0.478995 0.492622
vt 0.479044 0.455497
vt 0.483918 0.455396
vt 0.493704 0.508555
vt 0.498575 0.508664
vt 0.498625 0.545789
vt 0.493754 0.545680
vt 0.457355 0.455388
vt 0.462227 0.455497
vt 0.462277 0.492622
vt 0.457406 0.492513
vt 0.479051 0.450884
vt 0.462234 0.450884
vt 0.462284 0.497235
vt 0.479002 0.497235
vt 0.514858 0.504051
vt 0.498582 0.504051
vt 0.514809 0.550402
vt 0.498632 0.550402
vt 0.475208 0.571539
vt 0.473787 0.567913
vt 0.477191 0.564998
vt 0.480707 0.566831
vt 0.467974 0.571810
vt 0.469308 0.568081
vt 0.467756 0.552481
vt 0.469173 0.556113
vt 0.465757 0.559047
vt 0.462239 0.557220
vt 0.475024 0.552221
vt 0.473673 0.555952
vt 0.461556 0.565891
vt 0.465334 0.564416
vt 0.481408 0.558129
vt 0.477625 0.559610
vt 0.482101 0.567458
vt 0.475818 0.573083
vt 0.467497 0.573105
vt 0.461001 0.556587
vt 0.467160 0.550950
vt 0.475505 0.550931
vt 0.460034 0.566482
vt 0.482778 0.557509
vt 0.435796 0.556300
vt 0.435796 0.551481
vt 0.440545 0.551481
vt 0.440545 0.556300
vt 0.431047 0.556300
vt 0.431047 0.551481
vt 0.414509 0.556300
vt 0.414509 0.551481
vt 0.419281 0.551481
vt 0.419281 0.556300
vt 0.457082 0.556300
vt 0.452310 0.556300
vt 0.452310 0.551481
vt 0.457082 0.551481
vt 0.425153 0.556300
vt 0.425153 0.551481
vt 0.446438 0.556300
vt 0.446438 0.551481
vt 0.509329 0.573582
vt 0.505201 0.573737
vt 0.501539 0.570359
vt 0.512467 0.570896
vt 0.501929 0.565411
vt 0.512867 0.565931
vt 0.505077 0.562708
vt 0.509224 0.562559
vt 0.443626 0.508664
vt 0.448500 0.508563
vt 0.448451 0.545688
vt 0.443577 0.545789
vt 0.519625 0.498639
vt 0.514751 0.498741
vt 0.514800 0.461616
vt 0.519674 0.461514
vt 0.422478 0.508555
vt 0.427350 0.508664
vt 0.427400 0.545789
vt 0.422529 0.545680
vt 0.493112 0.461507
vt 0.497983 0.461616
vt 0.498033 0.498741
vt 0.493162 0.498632
vt 0.514807 0.457003
vt 0.497990 0.457003
vt 0.498040 0.503354
vt 0.514758 0.503354
vt 0.443633 0.504051
vt 0.427357 0.504051
vt 0.427407 0.550402
vt 0.443584 0.550402
vt 0.439739 0.577658
vt 0.438317 0.574032
vt 0.441722 0.571117
vt 0.445237 0.572950
vt 0.432505 0.577929
vt 0.433839 0.574199
vt 0.432287 0.558600
vt 0.433703 0.562232
vt 0.430288 0.565166
vt 0.426770 0.563338
vt 0.439555 0.558340
vt 0.438203 0.562071
vt 0.426087 0.572010
vt 0.429865 0.570535
vt 0.445938 0.564248
vt 0.442156 0.565729
vt 0.446632 0.573577
vt 0.440349 0.579201
vt 0.432028 0.579224
vt 0.425532 0.562705
vt 0.431691 0.557069
vt 0.440036 0.557050
vt 0.424565 0.572600
vt 0.447308 0.563628
vt 0.507021 0.556300
vt 0.507021 0.551481
vt 0.511770 0.551481
vt 0.511770 0.556300
vt 0.502272 0.556300
vt 0.502272 0.551481
vt 0.485735 0.556300
vt 0.485735 0.551481
vt 0.490506 0.551481
vt 0.490506 0.556300
vt 0.528307 0.556300
vt 0.523536 0.556300
vt 0.523536 0.551481
vt 0.528307 0.551481
vt 0.496378 0.556300
vt 0.496378 0.551481
vt 0.517664 0.556300
vt 0.517664 0.551481
vt 0.438104 0.573582
vt 0.433976 0.573737
vt 0.430313 0.570359
vt 0.441241 0.570896
vt 0.430704 0.565411
vt 0.441641 0.565931
vt 0.433852 0.562708
vt 0.437999 0.562559
vt 0.550225 0.502545
vt 0.555099 0.502444
vt 0.555050 0.539569
vt 0.550177 0.539670
vt 0.448399 0.498639
vt 0.443526 0.498741
vt 0.443575 0.461616
vt 0.448448 0.461514
vt 0.529078 0.502436
vt 0.533949 0.502545
vt 0.533999 0.539670
vt 0.529128 0.539562
vt 0.421886 0.461507
vt 0.426758 0.461616
vt 0.426808 0.498741
vt 0.421936 0.498632
vt 0.443581 0.457003
vt 0.426764 0.457003
vt 0.426814 0.503354
vt 0.443532 0.503354
vt 0.550232 0.497932
vt 0.533956 0.497932
vt 0.534006 0.544283
vt 0.550183 0.544283
vt 0.510964 0.577658
vt 0.509543 0.574032
vt 0.512947 0.571117
vt 0.516463 0.572950
vt 0.503731 0.577929
vt 0.505064 0.574199
vt 0.503513 0.558600
vt 0.504929 0.562232
vt 0.501513 0.565166
vt 0.497996 0.563338
vt 0.510780 0.558340
vt 0.509429 0.562071
vt 0.497312 0.572010
vt 0.501090 0.570535
vt 0.517164 0.564248
vt 0.513382 0.565729
vt 0.517857 0.573577
vt 0.511575 0.579201
vt 0.503253 0.579224
vt 0.496757 0.562705
vt 0.502916 0.557069
vt 0.511261 0.557050
vt 0.495790 0.572600
vt 0.518534 0.563628
vt 0.542395 0.550181
vt 0.542395 0.545362
vt 0.547144 0.545362
vt 0.547144 0.550181
vt 0.537646 0.550181
vt 0.537646 0.545362
vt 0.521108 0.550181
vt 0.521108 0.545362
vt 0.525880 0.545362
vt 0.525880 0.550181
vt 0.563681 0.550181
vt 0.558910 0.550181
vt 0.558910 0.545362
vt 0.563681 0.545362
vt 0.531752 0.550181
vt 0.531752 0.545362
vt 0.553038 0.550181
vt 0.553038 0.545362
vt 0.544703 0.567464
vt 0.540575 0.567618
vt 0.536913 0.564241
vt 0.547841 0.564777
vt 0.537303 0.559293
vt 0.548241 0.559812
vt 0.540451 0.556589
vt 0.544598 0.556441
vt 0.479096 0.502545
vt 0.483969 0.502444
vt 0.483920 0.539569
vt 0.479047 0.539670
vt 0.554999 0.492521
vt 0.550125 0.492622
vt 0.550174 0.455497
vt 0.555048 0.455396
vt 0.457948 0.502436
vt 0.462819 0.502545
vt 0.462869 0.539670
vt 0.457998 0.539562
vt 0.528485 0.455388
vt 0.533357 0.455497
vt 0.533407 0.492622
vt 0.528536 0.492513
vt 0.550181 0.450884
vt 0.533364 0.450884
vt 0.533414 0.497235
vt 0.550132 0.497235
vt 0.479102 0.497932
vt 0.462826 0.497932
vt 0.462876 0.544283
vt 0.479053 0.544283
vt 0.546338 0.571539
vt 0.544917 0.567913
vt 0.548321 0.564998
vt 0.551837 0.566831
vt 0.539104 0.571810
vt 0.540438 0.568081
vt 0.538886 0.552481
vt 0.540303 0.556113
vt 0.536887 0.559047
vt 0.533369 0.557220
vt 0.546154 0.552221
vt 0.544803 0.555952
vt 0.532686 0.565891
vt 0.536464 0.564416
vt 0.552538 0.558129
vt 0.548755 0.559610
vt 0.553231 0.567458
vt 0.546948 0.573083
vt 0.538627 0.573105
vt 0.532131 0.556587
vt 0.538290 0.550950
vt 0.546635 0.550931
vt 0.531164 0.566482
vt 0.553908 0.557509
vt 0.471265 0.550181
vt 0.471265 0.545362
vt 0.476014 0.545362
vt 0.476014 0.550181
vt 0.466516 0.550181
vt 0.466516 0.545362
vt 0.449978 0.550181
vt 0.449978 0.545362
vt 0.454750 0.545362
vt 0.454750 0.550181
vt 0.492551 0.550181
vt 0.487780 0.550181
vt 0.487780 0.545362
vt 0.492551 0.545362
vt 0.460622 0.550181
vt 0.460622 0.545362
vt 0.481908 0.550181
vt 0.481907 0.545362
vt 0.473573 0.567464
vt 0.469445 0.567618
vt 0.465783 0.564241
vt 0.476711 0.564777
vt 0.466173 0.559293
vt 0.477111 0.559812
vt 0.469321 0.556589
vt 0.473468 0.556441
vt 0.485428 0.175836
vt 0.485971 0.158388
vt 0.593996 0.158388
vt 0.593208 0.175836
vt 0.426428 0.175836
vt 0.426428 0.158388
vt 0.653539 0.158388
vt 0.653539 0.175835
vt 0.426727 0.189501
vt 0.426727 0.175836
vt 0.484886 0.189501
vt 0.592420 0.189501
vt 0.652046 0.175835
vt 0.652046 0.189501
vt 0.485971 0.057914
vt 0.593996 0.057914
vt 0.592420 0.236874
vt 0.484886 0.236874
vt 0.652046 0.250953
vt 0.426727 0.250953
vt 0.908830 0.007962
vt 0.981486 0.007962
vt 0.981486 0.050367
vt 0.908830 0.050367
vt 0.426472 0.273570
vt 0.431561 0.273570
vt 0.431561 0.312550
vt 0.426472 0.312550
vt 0.421384 0.273570
vt 0.421384 0.312550
vt 0.436649 0.273570
vt 0.436649 0.312550
vt 0.440121 0.273570
vt 0.440121 0.312550
vt 0.450472 0.273196
vt 0.455560 0.273196
vt 0.455561 0.312176
vt 0.450472 0.312176
vt 0.441912 0.273196
vt 0.445383 0.273196
vt 0.445383 0.312176
vt 0.441912 0.312176
vt 0.460649 0.273196
vt 0.460650 0.312176
vt 0.630476 0.069826
vt 0.635565 0.069826
vt 0.635565 0.108806
vt 0.630476 0.108806
vt 0.625388 0.069826
vt 0.625387 0.108806
vt 0.620299 0.069826
vt 0.620299 0.108806
vt 0.616522 0.069826
vt 0.616522 0.108806
vt 0.609613 0.069826
vt 0.614702 0.069826
vt 0.614702 0.108806
vt 0.609613 0.108806
vt 0.599436 0.069826
vt 0.604525 0.069826
vt 0.604525 0.108806
vt 0.599436 0.108806
vt 0.595965 0.069826
vt 0.595965 0.108806
vt 0.717595 0.272203
vt 0.721066 0.272203
vt 0.721066 0.311183
vt 0.717595 0.311183
vt 0.712507 0.272203
vt 0.712507 0.311183
vt 0.702330 0.272203
vt 0.707418 0.272203
vt 0.707418 0.311183
vt 0.702330 0.311183
vt 0.481086 0.315006
vt 0.481086 0.324056
vt 0.415273 0.324056
vt 0.415273 0.315006
vt 0.832786 0.326697
vt 0.892151 0.326697
vt 0.892151 0.334434
vt 0.832786 0.334434
vt 0.832761 0.320283
vt 0.891803 0.320283
vt 0.891803 0.325482
vt 0.832761 0.325482
vt 0.481086 0.326475
vt 0.415273 0.326475
vt 0.832761 0.316420
vt 0.891803 0.316420
vt 0.892151 0.337956
vt 0.832786 0.337956
vt 0.891803 0.304589
vt 0.891803 0.308111
vt 0.832761 0.308111
vt 0.832761 0.304589
vt 0.832786 0.349900
vt 0.832786 0.345296
vt 0.892151 0.345296
vt 0.892151 0.349900
vt 0.415273 0.351437
vt 0.415273 0.335256
vt 0.481086 0.335256
vt 0.481086 0.351437
vt 0.483001 0.370990
vt 0.483544 0.353543
vt 0.591569 0.353543
vt 0.590781 0.370990
vt 0.424001 0.370990
vt 0.424001 0.353543
vt 0.651112 0.353543
vt 0.651112 0.370990
vt 0.424300 0.384656
vt 0.424300 0.370990
vt 0.482458 0.384656
vt 0.589992 0.384656
vt 0.649619 0.370990
vt 0.649619 0.384656
vt 0.483543 0.253069
vt 0.591569 0.253069
vt 0.589992 0.432029
vt 0.482458 0.432029
vt 0.649619 0.446107
vt 0.424300 0.446107
vt 0.714401 0.059146
vt 0.641744 0.059146
vt 0.641744 0.016741
vt 0.714401 0.016741
vt 0.671581 0.077047
vt 0.676669 0.077047
vt 0.676669 0.116027
vt 0.671581 0.116027
vt 0.666492 0.077047
vt 0.666492 0.116027
vt 0.681758 0.077047
vt 0.681758 0.116027
vt 0.685229 0.077047
vt 0.685229 0.116027
vt 0.695581 0.076674
vt 0.700669 0.076674
vt 0.700669 0.115653
vt 0.695581 0.115653
vt 0.687020 0.076674
vt 0.690492 0.076674
vt 0.690492 0.115653
vt 0.687020 0.115653
vt 0.705758 0.076674
vt 0.705758 0.115653
vt 0.628049 0.264980
vt 0.633137 0.264980
vt 0.633137 0.303960
vt 0.628049 0.303960
vt 0.622960 0.264980
vt 0.622960 0.303960
vt 0.617871 0.264980
vt 0.617871 0.303960
vt 0.614094 0.264980
vt 0.614094 0.303960
vt 0.607186 0.264980
vt 0.612274 0.264980
vt 0.612274 0.303960
vt 0.607186 0.303960
vt 0.597009 0.264980
vt 0.602097 0.264980
vt 0.602097 0.303960
vt 0.597009 0.303960
vt 0.593537 0.264980
vt 0.593537 0.303960
vt 0.477356 0.273196
vt 0.480828 0.273196
vt 0.480828 0.312176
vt 0.477356 0.312176
vt 0.472268 0.273196
vt 0.472268 0.312176
vt 0.462091 0.273196
vt 0.467179 0.273196
vt 0.467179 0.312176
vt 0.462091 0.312176
vt 0.726194 0.118484
vt 0.726194 0.127533
vt 0.660382 0.127533
vt 0.660382 0.118484
vt 0.592547 0.327691
vt 0.651912 0.327691
vt 0.651912 0.335427
vt 0.592547 0.335427
vt 0.594949 0.126122
vt 0.653991 0.126122
vt 0.653991 0.131321
vt 0.594949 0.131321
vt 0.726194 0.129953
vt 0.660382 0.129953
vt 0.594949 0.122259
vt 0.653991 0.122259
vt 0.651912 0.338949
vt 0.592547 0.338949
vt 0.653991 0.110428
vt 0.653991 0.113950
vt 0.594949 0.113950
vt 0.594949 0.110428
vt 0.592547 0.350893
vt 0.592547 0.346290
vt 0.651912 0.346290
vt 0.651912 0.350893
vt 0.660382 0.154914
vt 0.660382 0.138733
vt 0.726194 0.138733
vt 0.726194 0.154914
vt 0.728109 0.174467
vt 0.728652 0.157020
vt 0.836678 0.157020
vt 0.835889 0.174467
vt 0.669109 0.174468
vt 0.669109 0.157020
vt 0.896220 0.157020
vt 0.896220 0.174467
vt 0.669408 0.188133
vt 0.669408 0.174468
vt 0.727567 0.188133
vt 0.835101 0.188133
vt 0.894728 0.174467
vt 0.894728 0.188133
vt 0.728652 0.056546
vt 0.836677 0.056546
vt 0.835101 0.235506
vt 0.727567 0.235506
vt 0.894728 0.249585
vt 0.669408 0.249585
vt 0.847180 0.993072
vt 0.774523 0.993072
vt 0.774523 0.950668
vt 0.847180 0.950668
vt 0.428900 0.078415
vt 0.433988 0.078415
vt 0.433988 0.117395
vt 0.428900 0.117395
vt 0.423811 0.078415
vt 0.423811 0.117395
vt 0.439077 0.078415
vt 0.439077 0.117395
vt 0.442548 0.078415
vt 0.442548 0.117395
vt 0.452900 0.078042
vt 0.457988 0.078042
vt 0.457988 0.117022
vt 0.452900 0.117022
vt 0.444339 0.078042
vt 0.447811 0.078042
vt 0.447811 0.117022
vt 0.444339 0.117022
vt 0.463077 0.078042
vt 0.463077 0.117022
vt 0.873157 0.068458
vt 0.878246 0.068458
vt 0.878246 0.107437
vt 0.873157 0.107437
vt 0.868069 0.068458
vt 0.868069 0.107437
vt 0.862980 0.068458
vt 0.862980 0.107437
vt 0.859203 0.068458
vt 0.859203 0.107437
vt 0.852181 0.068406
vt 0.857269 0.068406
vt 0.857269 0.107386
vt 0.852181 0.107386
vt 0.842004 0.068406
vt 0.847093 0.068406
vt 0.847092 0.107386
vt 0.842004 0.107386
vt 0.838532 0.068406
vt 0.838532 0.107386
vt 0.722465 0.076674
vt 0.725936 0.076674
vt 0.725936 0.115653
vt 0.722465 0.115653
vt 0.717376 0.076674
vt 0.717376 0.115653
vt 0.707199 0.076674
vt 0.712288 0.076674
vt 0.712288 0.115653
vt 0.707199 0.115653
vt 0.483513 0.119852
vt 0.483513 0.128902
vt 0.417701 0.128902
vt 0.417701 0.119852
vt 0.837656 0.131168
vt 0.897021 0.131168
vt 0.897021 0.138904
vt 0.837656 0.138904
vt 0.837630 0.124753
vt 0.896672 0.124753
vt 0.896672 0.129953
vt 0.837630 0.129953
vt 0.483513 0.131321
vt 0.417701 0.131321
vt 0.837630 0.120891
vt 0.896672 0.120891
vt 0.897021 0.142426
vt 0.837656 0.142426
vt 0.896672 0.109060
vt 0.896672 0.112582
vt 0.837630 0.112582
vt 0.837630 0.109060
vt 0.837656 0.154370
vt 0.837656 0.149767
vt 0.897021 0.149767
vt 0.897021 0.154370
vt 0.417701 0.156282
vt 0.417701 0.140101
vt 0.483513 0.140101
vt 0.483513 0.156282
vt 0.723240 0.369997
vt 0.723782 0.352550
vt 0.831808 0.352550
vt 0.831020 0.369997
vt 0.664240 0.369997
vt 0.664240 0.352550
vt 0.891350 0.352550
vt 0.891350 0.369997
vt 0.664538 0.383663
vt 0.664538 0.369997
vt 0.722697 0.383663
vt 0.830231 0.383663
vt 0.889858 0.369997
vt 0.889858 0.383663
vt 0.723782 0.252076
vt 0.831808 0.252076
vt 0.830231 0.431036
vt 0.722697 0.431036
vt 0.889858 0.445114
vt 0.664538 0.445114
vt 0.912196 0.138147
vt 0.912196 0.065491
vt 0.954601 0.065491
vt 0.954601 0.138147
vt 0.666711 0.272577
vt 0.671800 0.272577
vt 0.671800 0.311556
vt 0.666711 0.311556
vt 0.661623 0.272577
vt 0.661623 0.311556
vt 0.676888 0.272577
vt 0.676888 0.311556
vt 0.680360 0.272577
vt 0.680360 0.311556
vt 0.690711 0.272203
vt 0.695799 0.272203
vt 0.695800 0.311183
vt 0.690711 0.311183
vt 0.682151 0.272203
vt 0.685622 0.272203
vt 0.685622 0.311183
vt 0.682151 0.311183
vt 0.700888 0.272203
vt 0.700889 0.311183
vt 0.868288 0.263987
vt 0.873376 0.263987
vt 0.873376 0.302967
vt 0.868288 0.302967
vt 0.863199 0.263987
vt 0.863199 0.302967
vt 0.858110 0.263987
vt 0.858110 0.302967
vt 0.854333 0.263987
vt 0.854333 0.302967
vt 0.847425 0.263987
vt 0.852513 0.263987
vt 0.852513 0.302967
vt 0.847424 0.302967
vt 0.837248 0.263987
vt 0.842336 0.263987
vt 0.842336 0.302967
vt 0.837248 0.302967
vt 0.833776 0.263987
vt 0.833776 0.302967
vt 0.479784 0.078042
vt 0.483255 0.078042
vt 0.483255 0.117022
vt 0.479784 0.117022
vt 0.474695 0.078042
vt 0.474695 0.117022
vt 0.464518 0.078042
vt 0.469607 0.078042
vt 0.469607 0.117022
vt 0.464518 0.117022
vt 0.721324 0.314013
vt 0.721324 0.323063
vt 0.655512 0.323063
vt 0.655512 0.314013
vt 0.594975 0.132536
vt 0.654340 0.132536
vt 0.654340 0.140273
vt 0.594975 0.140273
vt 0.592522 0.321276
vt 0.651564 0.321276
vt 0.651564 0.326475
vt 0.592522 0.326475
vt 0.721324 0.325482
vt 0.655512 0.325482
vt 0.592522 0.317414
vt 0.651564 0.317414
vt 0.654340 0.143795
vt 0.594975 0.143795
vt 0.651564 0.305582
vt 0.651564 0.309104
vt 0.592522 0.309104
vt 0.592522 0.305582
vt 0.594975 0.155738
vt 0.594975 0.151135
vt 0.654340 0.151135
vt 0.654340 0.155738
vt 0.655512 0.350443
vt 0.655512 0.334262
vt 0.721324 0.334262
vt 0.721324 0.350443
vt 0.709753 0.603323
vt 0.703036 0.603323
vt 0.703036 0.608387
vt 0.709754 0.608387
vt 0.627338 0.620112
vt 0.626730 0.602868
vt 0.617278 0.621575
vt 0.578138 0.658881
vt 0.587711 0.658881
vt 0.577529 0.602868
vt 0.703036 0.621618
vt 0.709754 0.621618
vt 0.709754 0.662929
vt 0.703036 0.662929
vt 0.703036 0.675512
vt 0.709753 0.675512
vt 0.645171 0.601115
vt 0.701184 0.601724
vt 0.645171 0.591542
vt 0.682477 0.561975
vt 0.701184 0.552523
vt 0.683940 0.551915
vt 0.594283 0.637123
vt 0.703036 0.637373
vt 0.709754 0.637373
vt 0.703036 0.652232
vt 0.709754 0.652232
vt 0.666929 0.584971
vt 0.677543 0.573911
vt 0.605342 0.626509
vt 0.710351 0.528035
vt 0.703633 0.528035
vt 0.703633 0.533098
vt 0.710351 0.533098
vt 0.761484 0.545122
vt 0.760876 0.527878
vt 0.751423 0.546585
vt 0.712283 0.583891
vt 0.721856 0.583891
vt 0.711675 0.527878
vt 0.703633 0.546329
vt 0.710351 0.546329
vt 0.710351 0.587640
vt 0.703633 0.587640
vt 0.703633 0.600223
vt 0.710351 0.600223
vt 0.712393 0.526051
vt 0.768406 0.526659
vt 0.712393 0.516478
vt 0.749699 0.486911
vt 0.768406 0.477458
vt 0.751162 0.476850
vt 0.728428 0.562132
vt 0.703634 0.562084
vt 0.710351 0.562084
vt 0.703633 0.576943
vt 0.710351 0.576943
vt 0.734151 0.509906
vt 0.744765 0.498846
vt 0.739487 0.551519
vt 0.576504 0.453194
vt 0.569786 0.453194
vt 0.569787 0.458258
vt 0.576504 0.458258
vt 0.828557 0.544973
vt 0.827948 0.527728
vt 0.818496 0.546436
vt 0.779356 0.583742
vt 0.788929 0.583742
vt 0.778748 0.527729
vt 0.569787 0.471489
vt 0.576505 0.471489
vt 0.576504 0.512799
vt 0.569787 0.512799
vt 0.569786 0.525383
vt 0.576504 0.525383
vt 0.645171 0.675807
vt 0.701184 0.676415
vt 0.645171 0.666234
vt 0.682477 0.636666
vt 0.701184 0.627214
vt 0.683940 0.626606
vt 0.795501 0.561983
vt 0.569787 0.487243
vt 0.576505 0.487243
vt 0.569787 0.502102
vt 0.576505 0.502102
vt 0.666929 0.659662
vt 0.677543 0.648602
vt 0.806560 0.551370
vt 0.644100 0.453567
vt 0.637382 0.453567
vt 0.637382 0.458631
vt 0.644100 0.458631
vt 0.627637 0.545421
vt 0.627029 0.528177
vt 0.617577 0.546884
vt 0.578437 0.584190
vt 0.588010 0.584190
vt 0.577828 0.528177
vt 0.637382 0.471862
vt 0.644100 0.471862
vt 0.644100 0.513173
vt 0.637382 0.513173
vt 0.637382 0.525756
vt 0.644100 0.525756
vt 0.778868 0.526051
vt 0.834881 0.526659
vt 0.778868 0.516478
vt 0.816174 0.486911
vt 0.834881 0.477458
vt 0.817637 0.476850
vt 0.594581 0.562431
vt 0.637383 0.487617
vt 0.644100 0.487617
vt 0.637382 0.502476
vt 0.644100 0.502476
vt 0.800627 0.509906
vt 0.811240 0.498846
vt 0.605641 0.551818
vt 0.777424 0.453567
vt 0.770706 0.453567
vt 0.770706 0.458631
vt 0.777424 0.458631
vt 0.627637 0.470281
vt 0.627029 0.453037
vt 0.617577 0.471744
vt 0.578437 0.509050
vt 0.588010 0.509050
vt 0.577828 0.453037
vt 0.770706 0.471862
vt 0.777424 0.471862
vt 0.777424 0.513173
vt 0.770706 0.513173
vt 0.770706 0.525756
vt 0.777424 0.525756
vt 0.645544 0.526051
vt 0.701557 0.526659
vt 0.645544 0.516478
vt 0.682850 0.486911
vt 0.701557 0.477458
vt 0.684313 0.476850
vt 0.594581 0.487292
vt 0.770706 0.487617
vt 0.777424 0.487617
vt 0.770706 0.502476
vt 0.777424 0.502476
vt 0.667303 0.509906
vt 0.677916 0.498846
vt 0.605641 0.476678
vt 0.643726 0.603323
vt 0.637008 0.603323
vt 0.637009 0.608387
vt 0.643726 0.608387
vt 0.695233 0.470655
vt 0.694624 0.453411
vt 0.685172 0.472118
vt 0.646032 0.509424
vt 0.655605 0.509424
vt 0.645424 0.453411
vt 0.637009 0.621618
vt 0.643727 0.621618
vt 0.643726 0.662929
vt 0.637009 0.662929
vt 0.637008 0.675512
vt 0.643726 0.675512
vt 0.577949 0.525677
vt 0.633962 0.526286
vt 0.577949 0.516104
vt 0.615255 0.486537
vt 0.633962 0.477085
vt 0.616718 0.476476
vt 0.662177 0.487665
vt 0.637009 0.637373
vt 0.643727 0.637373
vt 0.637009 0.652232
vt 0.643727 0.652232
vt 0.599707 0.509532
vt 0.610321 0.498473
vt 0.673236 0.477052
vt 0.710948 0.453567
vt 0.704231 0.453567
vt 0.704231 0.458631
vt 0.710949 0.458631
vt 0.762082 0.470655
vt 0.761473 0.453411
vt 0.752021 0.472118
vt 0.712881 0.509424
vt 0.722454 0.509424
vt 0.712272 0.453411
vt 0.704231 0.471862
vt 0.710949 0.471862
vt 0.710949 0.513173
vt 0.704231 0.513173
vt 0.704231 0.525756
vt 0.710948 0.525756
vt 0.778868 0.600368
vt 0.834881 0.600977
vt 0.778868 0.590795
vt 0.816174 0.561228
vt 0.834881 0.551776
vt 0.817637 0.551168
vt 0.729026 0.487665
vt 0.704231 0.487617
vt 0.710949 0.487617
vt 0.704231 0.502476
vt 0.710949 0.502476
vt 0.800627 0.584224
vt 0.811240 0.573164
vt 0.740085 0.477052
vt 0.777424 0.527885
vt 0.770706 0.527885
vt 0.770706 0.532949
vt 0.777424 0.532949
vt 0.694859 0.620411
vt 0.694251 0.603167
vt 0.684799 0.621874
vt 0.645659 0.659180
vt 0.655232 0.659180
vt 0.645050 0.603167
vt 0.770706 0.546180
vt 0.777424 0.546180
vt 0.777424 0.587491
vt 0.770706 0.587491
vt 0.770706 0.600074
vt 0.777424 0.600074
vt 0.779018 0.676703
vt 0.835031 0.677311
vt 0.779018 0.667130
vt 0.816324 0.637563
vt 0.835031 0.628111
vt 0.817787 0.627502
vt 0.661803 0.637421
vt 0.770706 0.561934
vt 0.777424 0.561934
vt 0.770706 0.576794
vt 0.777424 0.576794
vt 0.800776 0.660558
vt 0.811389 0.649499
vt 0.672863 0.626808
vt 0.777573 0.604219
vt 0.770855 0.604219
vt 0.770855 0.609284
vt 0.777573 0.609284
vt 0.828557 0.470655
vt 0.827948 0.453411
vt 0.818496 0.472118
vt 0.779356 0.509424
vt 0.788929 0.509424
vt 0.778748 0.453411
vt 0.770856 0.622515
vt 0.777574 0.622515
vt 0.777573 0.663825
vt 0.770855 0.663825
vt 0.770855 0.676408
vt 0.777573 0.676408
vt 0.577949 0.600816
vt 0.633962 0.601425
vt 0.577949 0.591244
vt 0.615255 0.561676
vt 0.633962 0.552224
vt 0.616718 0.551616
vt 0.795501 0.487665
vt 0.770856 0.638269
vt 0.777574 0.638269
vt 0.770856 0.653128
vt 0.777574 0.653128
vt 0.599707 0.584672
vt 0.610321 0.573612
vt 0.806560 0.477052
vt 0.576504 0.528333
vt 0.569786 0.528333
vt 0.569787 0.533397
vt 0.576504 0.533397
vt 0.828706 0.621307
vt 0.828098 0.604063
vt 0.818646 0.622770
vt 0.779505 0.660076
vt 0.789078 0.660076
vt 0.778897 0.604063
vt 0.569787 0.546628
vt 0.576505 0.546628
vt 0.576504 0.587939
vt 0.569787 0.587939
vt 0.569786 0.600522
vt 0.576504 0.600522
vt 0.577650 0.675508
vt 0.633663 0.676116
vt 0.577650 0.665935
vt 0.614956 0.636368
vt 0.633663 0.626916
vt 0.616419 0.626307
vt 0.795650 0.638318
vt 0.569787 0.562383
vt 0.576505 0.562383
vt 0.569787 0.577242
vt 0.576505 0.577242
vt 0.599408 0.659363
vt 0.610022 0.648304
vt 0.806710 0.627704
vt 0.576205 0.603024
vt 0.569488 0.603024
vt 0.569488 0.608088
vt 0.576205 0.608088
vt 0.694859 0.545719
vt 0.694251 0.528475
vt 0.684799 0.547183
vt 0.645659 0.584489
vt 0.655232 0.584489
vt 0.645050 0.528476
vt 0.569488 0.621319
vt 0.576206 0.621319
vt 0.576205 0.662630
vt 0.569488 0.662630
vt 0.569488 0.675213
vt 0.576205 0.675213
vt 0.711796 0.600518
vt 0.767808 0.601126
vt 0.711796 0.590945
vt 0.749101 0.561378
vt 0.767808 0.551926
vt 0.750564 0.551317
vt 0.661803 0.562730
vt 0.569488 0.637074
vt 0.576206 0.637074
vt 0.569488 0.651933
vt 0.576206 0.651933
vt 0.733554 0.584373
vt 0.744167 0.573314
vt 0.672863 0.552117
vt 0.643726 0.528632
vt 0.637008 0.528632
vt 0.637009 0.533696
vt 0.643726 0.533696
vt 0.760886 0.620411
vt 0.760278 0.603167
vt 0.750826 0.621874
vt 0.711686 0.659180
vt 0.721259 0.659180
vt 0.711077 0.603167
vt 0.637009 0.546927
vt 0.643727 0.546927
vt 0.643726 0.588238
vt 0.637009 0.588238
vt 0.637008 0.600821
vt 0.643726 0.600821
vt 0.711198 0.675807
vt 0.767211 0.676415
vt 0.711198 0.666234
vt 0.748504 0.636666
vt 0.767211 0.627214
vt 0.749967 0.626606
vt 0.727831 0.637421
vt 0.637009 0.562681
vt 0.643727 0.562681
vt 0.637009 0.577541
vt 0.643727 0.577541
vt 0.732956 0.659662
vt 0.743570 0.648602
vt 0.738890 0.626808
vt 0.309565 0.880534
vt 0.268247 0.880534
vt 0.268247 0.749375
vt 0.309565 0.749375
vt 0.244359 0.872789
vt 0.246928 0.862522
vt 0.256289 0.865700
vt 0.252466 0.879968
vt 0.211146 0.872789
vt 0.203039 0.879968
vt 0.199216 0.865700
vt 0.208577 0.862522
vt 0.242021 0.890413
vt 0.237340 0.880305
vt 0.227753 0.894236
vt 0.227753 0.883056
vt 0.213484 0.890413
vt 0.218165 0.880305
vt 0.246928 0.749554
vt 0.256289 0.749554
vt 0.199216 0.749554
vt 0.208577 0.749554
vt 0.189879 0.867007
vt 0.189879 0.749554
vt 0.083186 0.591719
vt 0.100340 0.591719
vt 0.100340 0.704766
vt 0.083186 0.704766
vt 0.266350 0.749554
vt 0.266350 0.867037
vt 0.171407 0.866661
vt 0.171407 0.749012
vt 0.188561 0.749017
vt 0.188561 0.866666
vt 0.208208 0.898979
vt 0.195201 0.884915
vt 0.227426 0.904644
vt 0.246851 0.899410
vt 0.260451 0.885578
vt 0.211905 0.603211
vt 0.224493 0.603213
vt 0.224493 0.613725
vt 0.211905 0.613721
vt 0.224493 0.623729
vt 0.211905 0.623725
vt 0.224493 0.633731
vt 0.211905 0.633726
vt 0.224493 0.644239
vt 0.211905 0.644234
vt 0.211905 0.592216
vt 0.224493 0.592216
vt 0.211905 0.655224
vt 0.224493 0.655229
vt 0.311175 0.722842
vt 0.269858 0.722842
vt 0.269858 0.591683
vt 0.311175 0.591683
vt 0.245970 0.715097
vt 0.248539 0.704830
vt 0.257900 0.708008
vt 0.254077 0.722276
vt 0.212757 0.715097
vt 0.204650 0.722276
vt 0.200827 0.708008
vt 0.210188 0.704830
vt 0.243631 0.732721
vt 0.238951 0.722613
vt 0.229363 0.736545
vt 0.229363 0.725364
vt 0.215095 0.732721
vt 0.219775 0.722613
vt 0.248539 0.591861
vt 0.257900 0.591861
vt 0.200827 0.591861
vt 0.210188 0.591861
vt 0.191490 0.709315
vt 0.191490 0.591861
vt 0.224795 0.749740
vt 0.241949 0.749740
vt 0.241949 0.862786
vt 0.224795 0.862786
vt 0.267961 0.591861
vt 0.267961 0.709345
vt 0.173018 0.708969
vt 0.173018 0.591320
vt 0.190172 0.591325
vt 0.190172 0.708975
vt 0.209819 0.741287
vt 0.196811 0.727223
vt 0.229037 0.746952
vt 0.248462 0.741718
vt 0.262061 0.727886
vt 0.210295 0.760903
vt 0.222883 0.760905
vt 0.222883 0.771417
vt 0.210295 0.771414
vt 0.222883 0.781421
vt 0.210295 0.781417
vt 0.222883 0.791423
vt 0.210295 0.791419
vt 0.222883 0.801931
vt 0.210295 0.801926
vt 0.210295 0.749908
vt 0.222883 0.749908
vt 0.210295 0.812916
vt 0.222883 0.812921
vt 0.167956 0.722514
vt 0.126638 0.722514
vt 0.126638 0.591355
vt 0.167956 0.591355
vt 0.102750 0.714769
vt 0.105319 0.704502
vt 0.114680 0.707680
vt 0.110857 0.721948
vt 0.069537 0.714769
vt 0.061430 0.721948
vt 0.057607 0.707680
vt 0.066969 0.704502
vt 0.100412 0.732393
vt 0.095732 0.722285
vt 0.086144 0.736216
vt 0.086144 0.725036
vt 0.071876 0.732393
vt 0.076556 0.722285
vt 0.105319 0.591533
vt 0.114680 0.591533
vt 0.057607 0.591533
vt 0.066969 0.591533
vt 0.048271 0.708987
vt 0.048271 0.591533
vt 0.226405 0.592048
vt 0.243559 0.592048
vt 0.243559 0.705094
vt 0.226405 0.705094
vt 0.124742 0.591533
vt 0.124742 0.709017
vt 0.030777 0.866661
vt 0.030777 0.749012
vt 0.047931 0.749017
vt 0.047931 0.866666
vt 0.066600 0.740959
vt 0.053592 0.726895
vt 0.085818 0.746624
vt 0.105242 0.741389
vt 0.118842 0.727558
vt 0.068686 0.602883
vt 0.081274 0.602885
vt 0.081274 0.613397
vt 0.068686 0.613393
vt 0.081274 0.623400
vt 0.068686 0.623396
vt 0.081274 0.633403
vt 0.068686 0.633398
vt 0.081274 0.643911
vt 0.068686 0.643906
vt 0.068686 0.591888
vt 0.081274 0.591888
vt 0.068686 0.654896
vt 0.081274 0.654901
vt 0.168935 0.880534
vt 0.127617 0.880534
vt 0.127617 0.749375
vt 0.168935 0.749375
vt 0.103729 0.872789
vt 0.106298 0.862522
vt 0.115659 0.865700
vt 0.111836 0.879968
vt 0.070516 0.872789
vt 0.062409 0.879968
vt 0.058586 0.865700
vt 0.067947 0.862522
vt 0.101391 0.890413
vt 0.096710 0.880305
vt 0.087123 0.894236
vt 0.087123 0.883056
vt 0.072854 0.890413
vt 0.077535 0.880305
vt 0.106298 0.749554
vt 0.115659 0.749554
vt 0.058586 0.749554
vt 0.067947 0.749554
vt 0.049250 0.867007
vt 0.049250 0.749554
vt 0.084165 0.749740
vt 0.101319 0.749740
vt 0.101319 0.862786
vt 0.084165 0.862786
vt 0.125720 0.749554
vt 0.125720 0.867037
vt 0.029799 0.708641
vt 0.029799 0.590992
vt 0.046952 0.590997
vt 0.046952 0.708646
vt 0.067579 0.898979
vt 0.054571 0.884915
vt 0.086797 0.904644
vt 0.106221 0.899410
vt 0.119821 0.885578
vt 0.069665 0.760903
vt 0.082253 0.760905
vt 0.082253 0.771417
vt 0.069665 0.771414
vt 0.082253 0.781421
vt 0.069665 0.781417
vt 0.082253 0.791423
vt 0.069665 0.791419
vt 0.082253 0.801931
vt 0.069665 0.801926
vt 0.069665 0.749908
vt 0.082253 0.749908
vt 0.069665 0.812916
vt 0.082253 0.812921
vt 0.711466 0.693612
vt 0.722873 0.681817
vt 0.722873 0.693612
vt 0.677004 0.681817
vt 0.688472 0.693612
vt 0.677004 0.693612
vt 0.677004 0.759009
vt 0.677004 0.750983
vt 0.722873 0.751039
vt 0.722873 0.758880
vt 0.732185 0.837693
vt 0.723949 0.812188
vt 0.738197 0.812188
vt 0.738197 0.785892
vt 0.723949 0.785892
vt 0.732185 0.760576
vt 0.700014 0.735405
vt 0.723949 0.804677
vt 0.738197 0.804677
vt 0.723949 0.798978
vt 0.738197 0.798978
vt 0.723949 0.793333
vt 0.738197 0.793333
vt 0.711466 0.724510
vt 0.722873 0.724510
vt 0.688472 0.724510
vt 0.677004 0.724510
vt 0.690177 0.802910
vt 0.690177 0.774838
vt 0.709546 0.774838
vt 0.709546 0.802910
vt 0.705923 0.810214
vt 0.693626 0.810214
vt 0.699715 0.812302
vt 0.707175 0.733110
vt 0.722873 0.733110
vt 0.692850 0.733110
vt 0.677004 0.733110
vt 0.774150 0.852039
vt 0.785557 0.840243
vt 0.785557 0.852039
vt 0.739688 0.840243
vt 0.751156 0.852039
vt 0.739688 0.852039
vt 0.739688 0.917435
vt 0.739688 0.909409
vt 0.785557 0.909465
vt 0.785557 0.917306
vt 0.670080 0.838152
vt 0.661844 0.812647
vt 0.676092 0.812647
vt 0.676092 0.786351
vt 0.661844 0.786351
vt 0.670080 0.761034
vt 0.762698 0.893832
vt 0.661844 0.805135
vt 0.676092 0.805135
vt 0.661844 0.799437
vt 0.676092 0.799437
vt 0.661844 0.793792
vt 0.676092 0.793792
vt 0.774150 0.882936
vt 0.785557 0.882936
vt 0.751156 0.882936
vt 0.739688 0.882936
vt 0.742834 0.972086
vt 0.742834 0.944014
vt 0.762204 0.944014
vt 0.762204 0.972086
vt 0.758581 0.979390
vt 0.746284 0.979390
vt 0.752373 0.981478
vt 0.769859 0.891537
vt 0.785557 0.891537
vt 0.755534 0.891537
vt 0.739688 0.891537
vt 0.711764 0.931803
vt 0.723172 0.920008
vt 0.723172 0.931803
vt 0.677302 0.920008
vt 0.688771 0.931803
vt 0.677302 0.931803
vt 0.677302 0.997200
vt 0.677302 0.989174
vt 0.723172 0.989230
vt 0.723172 0.997071
vt 0.733568 0.996871
vt 0.725332 0.971366
vt 0.739580 0.971366
vt 0.739580 0.945070
vt 0.725332 0.945070
vt 0.733568 0.919754
vt 0.700312 0.973596
vt 0.725332 0.963855
vt 0.739580 0.963855
vt 0.725332 0.958156
vt 0.739580 0.958156
vt 0.725332 0.952512
vt 0.739580 0.952512
vt 0.711764 0.962701
vt 0.723172 0.962701
vt 0.688771 0.962701
vt 0.677302 0.962701
vt 0.690177 0.961630
vt 0.690177 0.933557
vt 0.709546 0.933557
vt 0.709546 0.961630
vt 0.705923 0.968933
vt 0.693626 0.968933
vt 0.699715 0.971021
vt 0.707474 0.971301
vt 0.723172 0.971301
vt 0.693149 0.971301
vt 0.677302 0.971301
vt 0.711764 0.773084
vt 0.723172 0.761289
vt 0.723172 0.773084
vt 0.677302 0.761289
vt 0.688771 0.773084
vt 0.677302 0.773084
vt 0.677302 0.838480
vt 0.677302 0.830454
vt 0.723172 0.830510
vt 0.723172 0.838351
vt 0.670080 0.996871
vt 0.661844 0.971366
vt 0.676092 0.971366
vt 0.676092 0.945070
vt 0.661844 0.945070
vt 0.670080 0.919754
vt 0.700312 0.814877
vt 0.661844 0.963855
vt 0.676092 0.963855
vt 0.661844 0.958156
vt 0.676092 0.958156
vt 0.661844 0.952512
vt 0.676092 0.952512
vt 0.711764 0.803981
vt 0.723172 0.803981
vt 0.688771 0.803981
vt 0.677302 0.803981
vt 0.627634 0.963224
vt 0.627634 0.935152
vt 0.647003 0.935152
vt 0.647003 0.963224
vt 0.643381 0.970528
vt 0.631084 0.970528
vt 0.637172 0.972616
vt 0.707474 0.812582
vt 0.723172 0.812582
vt 0.693149 0.812582
vt 0.677302 0.812582
vt 0.649221 0.933398
vt 0.660629 0.921603
vt 0.660629 0.933398
vt 0.614760 0.921603
vt 0.626228 0.933398
vt 0.614760 0.933398
vt 0.614760 0.998794
vt 0.614760 0.990768
vt 0.660629 0.990824
vt 0.660629 0.998665
vt 0.607537 0.998466
vt 0.599301 0.972961
vt 0.613549 0.972961
vt 0.613549 0.946665
vt 0.599301 0.946665
vt 0.607537 0.921348
vt 0.637769 0.975191
vt 0.599301 0.965449
vt 0.613549 0.965449
vt 0.599301 0.959751
vt 0.613549 0.959751
vt 0.599301 0.954106
vt 0.613549 0.954106
vt 0.649221 0.964295
vt 0.660629 0.964295
vt 0.626228 0.964295
vt 0.614760 0.964295
vt 0.564135 0.962096
vt 0.564135 0.934024
vt 0.583505 0.934024
vt 0.583505 0.962096
vt 0.579882 0.969400
vt 0.567585 0.969400
vt 0.573674 0.971488
vt 0.644931 0.972896
vt 0.660629 0.972896
vt 0.630606 0.972896
vt 0.614760 0.972896
vt 0.585722 0.932270
vt 0.597130 0.920475
vt 0.597130 0.932270
vt 0.551261 0.920475
vt 0.562729 0.932270
vt 0.551261 0.932270
vt 0.551261 0.997666
vt 0.551261 0.989640
vt 0.597130 0.989697
vt 0.597130 0.997537
vt 0.544038 0.997338
vt 0.535802 0.971833
vt 0.550050 0.971833
vt 0.550050 0.945537
vt 0.535802 0.945537
vt 0.544038 0.920221
vt 0.574271 0.974063
vt 0.535802 0.964322
vt 0.550050 0.964322
vt 0.535802 0.958623
vt 0.550050 0.958623
vt 0.535802 0.952978
vt 0.550050 0.952978
vt 0.585722 0.963167
vt 0.597130 0.963167
vt 0.562729 0.963167
vt 0.551261 0.963167
vt 0.752562 0.881865
vt 0.752562 0.853793
vt 0.771932 0.853793
vt 0.771932 0.881865
vt 0.768309 0.889169
vt 0.756012 0.889169
vt 0.762101 0.891257
vt 0.581432 0.971768
vt 0.597130 0.971768
vt 0.567107 0.971768
vt 0.551261 0.971768
vt 0.711956 0.851862
vt 0.723363 0.840067
vt 0.723363 0.851862
vt 0.677494 0.840067
vt 0.688962 0.851862
vt 0.677494 0.851862
vt 0.677494 0.917259
vt 0.677494 0.909233
vt 0.723363 0.909289
vt 0.723363 0.917130
vt 0.732465 0.917107
vt 0.724230 0.891602
vt 0.738478 0.891602
vt 0.738478 0.865306
vt 0.724230 0.865306
vt 0.732465 0.839989
vt 0.700504 0.893656
vt 0.724230 0.884090
vt 0.738478 0.884090
vt 0.724230 0.878392
vt 0.738478 0.878392
vt 0.724230 0.872747
vt 0.738478 0.872747
vt 0.711956 0.882760
vt 0.723363 0.882760
vt 0.688962 0.882760
vt 0.677494 0.882760
vt 0.690368 0.881689
vt 0.690368 0.853617
vt 0.709738 0.853617
vt 0.709738 0.881689
vt 0.706115 0.888992
vt 0.693818 0.888992
vt 0.699907 0.891081
vt 0.707665 0.891360
vt 0.723363 0.891360
vt 0.693340 0.891360
vt 0.677494 0.891360
vt 0.649210 0.853844
vt 0.660618 0.842049
vt 0.660618 0.853844
vt 0.614748 0.842049
vt 0.626217 0.853844
vt 0.614748 0.853844
vt 0.614748 0.919240
vt 0.614748 0.911214
vt 0.660618 0.911270
vt 0.660618 0.919111
vt 0.670271 0.916931
vt 0.662035 0.891426
vt 0.676283 0.891426
vt 0.676283 0.865130
vt 0.662035 0.865130
vt 0.670271 0.839813
vt 0.637758 0.895637
vt 0.662035 0.883914
vt 0.676283 0.883914
vt 0.662035 0.878216
vt 0.676283 0.878216
vt 0.662035 0.872571
vt 0.676283 0.872571
vt 0.649210 0.884741
vt 0.660618 0.884741
vt 0.626217 0.884741
vt 0.614748 0.884741
vt 0.627623 0.883670
vt 0.627623 0.855598
vt 0.646992 0.855598
vt 0.646992 0.883670
vt 0.643369 0.890974
vt 0.631072 0.890974
vt 0.637161 0.893062
vt 0.644920 0.893342
vt 0.660618 0.893342
vt 0.630595 0.893342
vt 0.614748 0.893342
vt 0.607526 0.918912
vt 0.599290 0.893407
vt 0.613538 0.893407
vt 0.613538 0.867111
vt 0.599290 0.867111
vt 0.607526 0.841794
vt 0.599290 0.885895
vt 0.613538 0.885895
vt 0.599290 0.880197
vt 0.613538 0.880197
vt 0.599290 0.874552
vt 0.613538 0.874552
vt 0.564135 0.882270
vt 0.564135 0.854198
vt 0.583505 0.854198
vt 0.583505 0.882270
vt 0.579882 0.889574
vt 0.567585 0.889574
vt 0.573674 0.891662
vt 0.585722 0.852444
vt 0.597130 0.840648
vt 0.597130 0.852444
vt 0.551261 0.840648
vt 0.562729 0.852444
vt 0.551261 0.852444
vt 0.551261 0.917840
vt 0.551261 0.909814
vt 0.597130 0.909870
vt 0.597130 0.917711
vt 0.544038 0.917512
vt 0.535802 0.892007
vt 0.550050 0.892007
vt 0.550050 0.865711
vt 0.535802 0.865711
vt 0.544038 0.840394
vt 0.574271 0.894237
vt 0.535802 0.884495
vt 0.550050 0.884495
vt 0.535802 0.878797
vt 0.550050 0.878797
vt 0.535802 0.873152
vt 0.550050 0.873152
vt 0.585722 0.883341
vt 0.597130 0.883341
vt 0.562729 0.883341
vt 0.551261 0.883341
vt 0.752917 0.722841
vt 0.752917 0.694769
vt 0.772287 0.694769
vt 0.772287 0.722841
vt 0.768664 0.730145
vt 0.756367 0.730145
vt 0.762456 0.732233
vt 0.581432 0.891941
vt 0.597130 0.891941
vt 0.567107 0.891941
vt 0.551261 0.891941
vt 0.774505 0.693015
vt 0.785913 0.681219
vt 0.785913 0.693015
vt 0.740043 0.681219
vt 0.751512 0.693015
vt 0.740043 0.693015
vt 0.740043 0.758411
vt 0.740043 0.750385
vt 0.785913 0.750441
vt 0.785913 0.758282
vt 0.732821 0.758083
vt 0.724585 0.732578
vt 0.738833 0.732578
vt 0.738833 0.706282
vt 0.724585 0.706282
vt 0.732821 0.680965
vt 0.763053 0.734808
vt 0.724585 0.725066
vt 0.738833 0.725066
vt 0.724585 0.719368
vt 0.738833 0.719368
vt 0.724585 0.713723
vt 0.738833 0.713723
vt 0.774505 0.723912
vt 0.785913 0.723912
vt 0.751512 0.723912
vt 0.740043 0.723912
vt 0.689878 0.723439
vt 0.689878 0.695366
vt 0.709248 0.695366
vt 0.709248 0.723439
vt 0.705625 0.730742
vt 0.693328 0.730742
vt 0.699417 0.732830
vt 0.770215 0.732513
vt 0.785913 0.732513
vt 0.755890 0.732513
vt 0.740043 0.732513
vt 0.648725 0.694210
vt 0.660132 0.682414
vt 0.660132 0.694210
vt 0.614263 0.682414
vt 0.625731 0.694210
vt 0.614263 0.694210
vt 0.614263 0.759606
vt 0.614263 0.751580
vt 0.660132 0.751636
vt 0.660132 0.759477
vt 0.669781 0.758680
vt 0.661545 0.733176
vt 0.675793 0.733176
vt 0.675793 0.706879
vt 0.661545 0.706879
vt 0.669781 0.681563
vt 0.637273 0.736003
vt 0.661545 0.725664
vt 0.675793 0.725664
vt 0.661545 0.719965
vt 0.675793 0.719965
vt 0.661545 0.714321
vt 0.675793 0.714321
vt 0.648725 0.725107
vt 0.660132 0.725107
vt 0.625731 0.725107
vt 0.614263 0.725107
vt 0.627137 0.724036
vt 0.627137 0.695964
vt 0.646507 0.695964
vt 0.646507 0.724036
vt 0.642884 0.731340
vt 0.630587 0.731340
vt 0.636676 0.733428
vt 0.644434 0.733708
vt 0.660132 0.733708
vt 0.630109 0.733708
vt 0.614263 0.733708
vt 0.585984 0.692716
vt 0.597392 0.680921
vt 0.597392 0.692716
vt 0.551522 0.680921
vt 0.562990 0.692716
vt 0.551522 0.692716
vt 0.551522 0.758112
vt 0.551522 0.750086
vt 0.597392 0.750142
vt 0.597392 0.757983
vt 0.607041 0.759278
vt 0.598805 0.733773
vt 0.613053 0.733773
vt 0.613053 0.707477
vt 0.598805 0.707477
vt 0.607041 0.682160
vt 0.574532 0.734509
vt 0.598805 0.726261
vt 0.613053 0.726261
vt 0.598805 0.720563
vt 0.613053 0.720563
vt 0.598805 0.714918
vt 0.613053 0.714918
vt 0.585984 0.723613
vt 0.597392 0.723613
vt 0.562990 0.723613
vt 0.551522 0.723613
vt 0.564396 0.722542
vt 0.564396 0.694470
vt 0.583766 0.694470
vt 0.583766 0.722542
vt 0.580143 0.729846
vt 0.567846 0.729846
vt 0.573935 0.731934
vt 0.581694 0.732214
vt 0.597392 0.732214
vt 0.567368 0.732214
vt 0.551522 0.732214
vt 0.586330 0.771745
vt 0.597738 0.759950
vt 0.597738 0.771745
vt 0.551868 0.759950
vt 0.563337 0.771745
vt 0.551868 0.771745
vt 0.551868 0.837142
vt 0.551868 0.829116
vt 0.597738 0.829172
vt 0.597738 0.837013
vt 0.544300 0.757784
vt 0.536064 0.732279
vt 0.550312 0.732279
vt 0.550312 0.705983
vt 0.536064 0.705983
vt 0.544300 0.680666
vt 0.574878 0.813539
vt 0.536064 0.724767
vt 0.550312 0.724767
vt 0.536064 0.719069
vt 0.550312 0.719069
vt 0.536064 0.713424
vt 0.550312 0.713424
vt 0.586330 0.802643
vt 0.597738 0.802643
vt 0.563337 0.802643
vt 0.551868 0.802643
vt 0.564743 0.801572
vt 0.564743 0.773499
vt 0.584112 0.773499
vt 0.584112 0.801572
vt 0.580490 0.808875
vt 0.568193 0.808875
vt 0.574282 0.810963
vt 0.582040 0.811243
vt 0.597738 0.811243
vt 0.567715 0.811243
vt 0.551868 0.811243
vt 0.649047 0.773275
vt 0.660455 0.761480
vt 0.660455 0.773275
vt 0.614585 0.761480
vt 0.626054 0.773275
vt 0.614585 0.773275
vt 0.614585 0.838672
vt 0.614585 0.830645
vt 0.660455 0.830702
vt 0.660455 0.838543
vt 0.544646 0.836814
vt 0.536410 0.811309
vt 0.550658 0.811309
vt 0.550658 0.785013
vt 0.536410 0.785013
vt 0.544646 0.759696
vt 0.637595 0.815068
vt 0.536410 0.803797
vt 0.550658 0.803797
vt 0.536410 0.798099
vt 0.550658 0.798099
vt 0.536410 0.792454
vt 0.550658 0.792454
vt 0.649047 0.804172
vt 0.660455 0.804172
vt 0.626054 0.804172
vt 0.614585 0.804172
vt 0.627460 0.803101
vt 0.627460 0.775029
vt 0.646829 0.775029
vt 0.646829 0.803101
vt 0.643207 0.810405
vt 0.630910 0.810405
vt 0.636998 0.812493
vt 0.644757 0.812773
vt 0.660455 0.812773
vt 0.630432 0.812773
vt 0.614585 0.812773
vt 0.773869 0.772625
vt 0.785277 0.760830
vt 0.785277 0.772625
vt 0.739407 0.760830
vt 0.750876 0.772625
vt 0.739407 0.772625
vt 0.739407 0.838021
vt 0.739407 0.829995
vt 0.785277 0.830051
vt 0.785277 0.837892
vt 0.607363 0.838343
vt 0.599127 0.812838
vt 0.613375 0.812838
vt 0.613375 0.786542
vt 0.599127 0.786542
vt 0.607363 0.761226
vt 0.762417 0.814418
vt 0.599127 0.805327
vt 0.613375 0.805327
vt 0.599127 0.799628
vt 0.613375 0.799628
vt 0.599127 0.793983
vt 0.613375 0.793983
vt 0.773869 0.803522
vt 0.785277 0.803522
vt 0.750876 0.803522
vt 0.739407 0.803522
vt 0.752282 0.802451
vt 0.752282 0.774379
vt 0.771651 0.774379
vt 0.771651 0.802451
vt 0.768028 0.809755
vt 0.755732 0.809755
vt 0.761820 0.811843
vt 0.769579 0.812123
vt 0.785277 0.812123
vt 0.755254 0.812123
vt 0.739407 0.812123
vt 0.479554 0.647113
vt 0.468983 0.647113
vt 0.468983 0.636957
vt 0.479554 0.636957
vt 0.490725 0.636957
vt 0.501558 0.636957
vt 0.501558 0.647113
vt 0.490725 0.647113
vt 0.490725 0.655724
vt 0.485110 0.655724
vt 0.485110 0.647113
vt 0.479554 0.655724
vt 0.490725 0.664003
vt 0.479554 0.664055
vt 0.502977 0.630382
vt 0.492406 0.630382
vt 0.492406 0.620226
vt 0.502977 0.620226
vt 0.514149 0.620226
vt 0.524982 0.620226
vt 0.524982 0.630382
vt 0.514149 0.630382
vt 0.514149 0.638993
vt 0.508533 0.638993
vt 0.508533 0.630382
vt 0.502977 0.638993
vt 0.514149 0.647272
vt 0.502977 0.647324
vt 0.502738 0.602179
vt 0.492167 0.602179
vt 0.492167 0.592022
vt 0.502738 0.592022
vt 0.513910 0.592022
vt 0.524743 0.592022
vt 0.524743 0.602179
vt 0.513910 0.602179
vt 0.513910 0.610789
vt 0.508294 0.610789
vt 0.508294 0.602179
vt 0.502738 0.610789
vt 0.513910 0.619069
vt 0.502738 0.619121
vt 0.479554 0.675078
vt 0.468983 0.675078
vt 0.468983 0.664921
vt 0.479554 0.664921
vt 0.490725 0.664921
vt 0.501558 0.664921
vt 0.501558 0.675078
vt 0.490725 0.675078
vt 0.490725 0.683688
vt 0.485110 0.683688
vt 0.485110 0.675078
vt 0.479554 0.683688
vt 0.490725 0.691967
vt 0.479554 0.692020
vt 0.501782 0.744152
vt 0.491211 0.744152
vt 0.491211 0.733996
vt 0.501782 0.733996
vt 0.512954 0.733996
vt 0.523786 0.733996
vt 0.523786 0.744152
vt 0.512954 0.744152
vt 0.512954 0.752763
vt 0.507338 0.752763
vt 0.507338 0.744152
vt 0.501782 0.752763
vt 0.512954 0.761042
vt 0.501782 0.761095
vt 0.478837 0.731724
vt 0.468266 0.731724
vt 0.468266 0.721567
vt 0.478837 0.721567
vt 0.490008 0.721567
vt 0.500841 0.721567
vt 0.500841 0.731724
vt 0.490008 0.731724
vt 0.490008 0.740334
vt 0.484393 0.740334
vt 0.484393 0.731724
vt 0.478837 0.740334
vt 0.490008 0.748613
vt 0.478837 0.748666
vt 0.502021 0.715710
vt 0.491450 0.715710
vt 0.491450 0.705553
vt 0.502021 0.705553
vt 0.513193 0.705553
vt 0.524025 0.705553
vt 0.524025 0.715710
vt 0.513193 0.715710
vt 0.513193 0.724321
vt 0.507577 0.724321
vt 0.507577 0.715710
vt 0.502021 0.724321
vt 0.513193 0.732600
vt 0.502021 0.732652
vt 0.455653 0.716427
vt 0.445082 0.716427
vt 0.445082 0.706270
vt 0.455653 0.706270
vt 0.466824 0.706270
vt 0.477657 0.706270
vt 0.477657 0.716427
vt 0.466824 0.716427
vt 0.466824 0.725038
vt 0.461209 0.725038
vt 0.461209 0.716427
vt 0.455653 0.725038
vt 0.466824 0.733317
vt 0.455653 0.733369
vt 0.479076 0.703281
vt 0.468505 0.703281
vt 0.468505 0.693125
vt 0.479076 0.693125
vt 0.490247 0.693125
vt 0.501080 0.693125
vt 0.501080 0.703281
vt 0.490247 0.703281
vt 0.490247 0.711892
vt 0.484632 0.711892
vt 0.484632 0.703281
vt 0.479076 0.711892
vt 0.490247 0.720171
vt 0.479076 0.720223
vt 0.502977 0.687028
vt 0.492406 0.687028
vt 0.492406 0.676872
vt 0.502977 0.676872
vt 0.514149 0.676872
vt 0.524982 0.676872
vt 0.524982 0.687028
vt 0.514149 0.687028
vt 0.514149 0.695639
vt 0.508533 0.695639
vt 0.508533 0.687028
vt 0.502977 0.695639
vt 0.514149 0.703918
vt 0.502977 0.703970
vt 0.455892 0.687267
vt 0.445321 0.687267
vt 0.445321 0.677111
vt 0.455892 0.677111
vt 0.467063 0.677111
vt 0.477896 0.677111
vt 0.477896 0.687267
vt 0.467063 0.687267
vt 0.467063 0.695878
vt 0.461448 0.695878
vt 0.461448 0.687267
vt 0.455892 0.695878
vt 0.467063 0.704157
vt 0.455892 0.704209
vt 0.456370 0.602657
vt 0.445799 0.602657
vt 0.445799 0.592500
vt 0.456370 0.592500
vt 0.467541 0.592500
vt 0.478374 0.592500
vt 0.478374 0.602657
vt 0.467541 0.602657
vt 0.467541 0.611268
vt 0.461926 0.611268
vt 0.461926 0.602657
vt 0.456370 0.611268
vt 0.467541 0.619547
vt 0.456370 0.619599
vt 0.456131 0.658825
vt 0.445560 0.658825
vt 0.445560 0.648668
vt 0.456131 0.648668
vt 0.467302 0.648668
vt 0.478135 0.648668
vt 0.478135 0.658825
vt 0.467302 0.658825
vt 0.467302 0.667436
vt 0.461687 0.667436
vt 0.461687 0.658825
vt 0.456131 0.667436
vt 0.467302 0.675715
vt 0.456131 0.675767
vt 0.502977 0.659064
vt 0.492406 0.659064
vt 0.492406 0.648907
vt 0.502977 0.648907
vt 0.514149 0.648907
vt 0.524982 0.648907
vt 0.524982 0.659064
vt 0.514149 0.659064
vt 0.514149 0.667675
vt 0.508533 0.667675
vt 0.508533 0.659064
vt 0.502977 0.667675
vt 0.514149 0.675954
vt 0.502977 0.676006
vt 0.456131 0.630621
vt 0.445560 0.630621
vt 0.445560 0.620465
vt 0.456131 0.620465
vt 0.467302 0.620465
vt 0.478135 0.620465
vt 0.478135 0.630621
vt 0.467302 0.630621
vt 0.467302 0.639232
vt 0.461687 0.639232
vt 0.461687 0.630621
vt 0.456131 0.639232
vt 0.467302 0.647511
vt 0.456131 0.647563
vt 0.479554 0.619149
vt 0.468983 0.619149
vt 0.468983 0.608992
vt 0.479554 0.608992
vt 0.490725 0.608992
vt 0.501558 0.608992
vt 0.501558 0.619149
vt 0.490725 0.619149
vt 0.490725 0.627759
vt 0.485110 0.627759
vt 0.485110 0.619149
vt 0.479554 0.627759
vt 0.490725 0.636038
vt 0.479554 0.636091
vt 0.280506 0.430368
vt 0.268530 0.442686
vt 0.276346 0.428987
vt 0.292421 0.442721
vt 0.284653 0.429001
vt 0.280494 0.418032
vt 0.292421 0.405801
vt 0.284653 0.419469
vt 0.276329 0.419471
vt 0.268530 0.405768
vt 0.274007 0.424231
vt 0.286958 0.424249
vt 0.284895 0.324684
vt 0.292421 0.332639
vt 0.268530 0.332681
vt 0.276055 0.324684
vt 0.292421 0.295889
vt 0.284894 0.303831
vt 0.276059 0.303824
vt 0.268530 0.295844
vt 0.268530 0.222169
vt 0.276011 0.214107
vt 0.284935 0.214118
vt 0.292421 0.222140
vt 0.276030 0.193024
vt 0.268530 0.185010
vt 0.292421 0.184993
vt 0.284931 0.193041
vt 0.375269 0.430390
vt 0.363319 0.442669
vt 0.371120 0.429013
vt 0.387120 0.442729
vt 0.379400 0.429025
vt 0.375267 0.418068
vt 0.387120 0.405817
vt 0.379405 0.419499
vt 0.371108 0.419518
vt 0.363319 0.405887
vt 0.368788 0.424274
vt 0.381697 0.424275
vt 0.363319 0.332714
vt 0.370817 0.324728
vt 0.379635 0.324719
vt 0.387120 0.332705
vt 0.387120 0.295855
vt 0.379628 0.303828
vt 0.370817 0.303832
vt 0.363319 0.295856
vt 0.363319 0.222129
vt 0.370768 0.214063
vt 0.379664 0.214070
vt 0.387120 0.222078
vt 0.370787 0.192982
vt 0.363319 0.184965
vt 0.387120 0.184968
vt 0.379660 0.193007
vt 0.092010 0.430585
vt 0.081101 0.442655
vt 0.088108 0.429054
vt 0.102914 0.442688
vt 0.095905 0.429062
vt 0.092002 0.417783
vt 0.102914 0.405753
vt 0.095909 0.419330
vt 0.088105 0.419317
vt 0.081101 0.405730
vt 0.085950 0.424187
vt 0.098082 0.424191
vt 0.081101 0.332637
vt 0.087882 0.324625
vt 0.096122 0.324504
vt 0.102914 0.332318
vt 0.102914 0.295839
vt 0.096105 0.303754
vt 0.087915 0.303720
vt 0.081101 0.295829
vt 0.081101 0.222080
vt 0.087860 0.214063
vt 0.096170 0.213964
vt 0.102914 0.221925
vt 0.087895 0.192946
vt 0.081101 0.184976
vt 0.102914 0.185011
vt 0.096138 0.193013
vt 0.185060 0.427836
vt 0.172986 0.440010
vt 0.180897 0.426386
vt 0.196764 0.440010
vt 0.189222 0.426385
vt 0.185059 0.415376
vt 0.196900 0.403245
vt 0.189238 0.416840
vt 0.180880 0.416840
vt 0.172986 0.403245
vt 0.178570 0.421606
vt 0.191549 0.421606
vt 0.172986 0.329420
vt 0.179739 0.321329
vt 0.189069 0.321329
vt 0.197035 0.329420
vt 0.197172 0.292081
vt 0.189097 0.299917
vt 0.179709 0.299917
vt 0.172986 0.292081
vt 0.172986 0.218652
vt 0.180424 0.210787
vt 0.189802 0.210787
vt 0.197626 0.218652
vt 0.180396 0.189961
vt 0.172986 0.181793
vt 0.197762 0.181830
vt 0.189830 0.189961
vt 0.268530 0.551198
vt 0.244790 0.551198
vt 0.268531 0.537094
vt 0.272271 0.545544
vt 0.292421 0.536972
vt 0.316078 0.551198
vt 0.292421 0.551198
vt 0.288653 0.545593
vt 0.280469 0.549534
vt 0.292421 0.480243
vt 0.287192 0.486521
vt 0.274444 0.486521
vt 0.268530 0.480243
vt 0.316078 0.480243
vt 0.244790 0.480243
vt 0.363319 0.551198
vt 0.339623 0.551198
vt 0.363319 0.536959
vt 0.367046 0.545471
vt 0.387120 0.536679
vt 0.410731 0.551198
vt 0.387120 0.551198
vt 0.383377 0.545475
vt 0.375214 0.549460
vt 0.387120 0.480243
vt 0.381917 0.486521
vt 0.369187 0.486521
vt 0.363319 0.480243
vt 0.410731 0.480243
vt 0.339623 0.480243
vt 0.081101 0.551198
vt 0.054201 0.551198
vt 0.081101 0.537031
vt 0.084501 0.545462
vt 0.102914 0.536924
vt 0.125731 0.551198
vt 0.102914 0.551198
vt 0.099498 0.545548
vt 0.092010 0.549313
vt 0.102914 0.480243
vt 0.098447 0.486521
vt 0.086482 0.486521
vt 0.081101 0.480243
vt 0.125731 0.480243
vt 0.054201 0.480243
vt 0.172986 0.551198
vt 0.149969 0.551198
vt 0.172986 0.537028
vt 0.176828 0.545529
vt 0.197925 0.536871
vt 0.220554 0.551198
vt 0.197278 0.551198
vt 0.193681 0.545562
vt 0.185215 0.549539
vt 0.197216 0.480243
vt 0.191398 0.486521
vt 0.177887 0.486521
vt 0.172986 0.480243
vt 0.220554 0.480243
vt 0.149969 0.480243
vt 0.297164 0.069998
vt 0.269991 0.069998
vt 0.269991 0.050034
vt 0.297164 0.050034
vt 0.323991 0.050034
vt 0.323991 0.069998
vt 0.351143 0.069998
vt 0.351043 0.050034
vt 0.378178 0.050034
vt 0.378240 0.069998
vt 0.405169 0.050034
vt 0.405169 0.069998
vt 0.430512 0.050033
vt 0.430512 0.069998
vt 0.016936 0.069998
vt 0.016936 0.050034
vt 0.042256 0.050034
vt 0.042256 0.069998
vt 0.069392 0.050034
vt 0.069392 0.069998
vt 0.097088 0.050034
vt 0.097088 0.069998
vt 0.125665 0.069998
vt 0.125665 0.050034
vt 0.155562 0.050034
vt 0.155562 0.069998
vt 0.185492 0.050034
vt 0.185492 0.069998
vt 0.214343 0.069998
vt 0.214344 0.050034
vt 0.242331 0.050034
vt 0.242331 0.069998
vt 0.269991 0.043910
vt 0.297164 0.043910
vt 0.323991 0.043910
vt 0.351086 0.043910
vt 0.378282 0.043910
vt 0.405169 0.043910
vt 0.430512 0.043910
vt 0.016936 0.043910
vt 0.042256 0.043910
vt 0.069392 0.043910
vt 0.097088 0.043910
vt 0.125665 0.043910
vt 0.155562 0.043910
vt 0.185492 0.043910
vt 0.214344 0.043910
vt 0.242331 0.043910
vt 0.269991 0.040402
vt 0.297164 0.040402
vt 0.323991 0.040402
vt 0.351008 0.040402
vt 0.378253 0.040402
vt 0.405169 0.040402
vt 0.430512 0.040402
vt 0.016936 0.040402
vt 0.042256 0.040402
vt 0.069392 0.040402
vt 0.097088 0.040402
vt 0.125665 0.040402
vt 0.155562 0.040402
vt 0.185492 0.040402
vt 0.214343 0.040402
vt 0.242331 0.040402
vt 0.160050 0.911216
vt 0.160050 0.914498
vt 0.136339 0.914498
vt 0.136340 0.911216
vt 0.113388 0.911216
vt 0.113388 0.914498
vt 0.091647 0.914498
vt 0.091647 0.911216
vt 0.070971 0.911216
vt 0.070971 0.914498
vt 0.050063 0.911216
vt 0.050063 0.914498
vt 0.028617 0.911216
vt 0.028617 0.914498
vt 0.447429 0.911216
vt 0.447429 0.914498
vt 0.420031 0.914498
vt 0.420031 0.911216
vt 0.391294 0.911216
vt 0.391294 0.914498
vt 0.360822 0.911216
vt 0.360822 0.914498
vt 0.330282 0.911216
vt 0.330282 0.914498
vt 0.300574 0.914498
vt 0.300574 0.911216
vt 0.270633 0.911216
vt 0.270633 0.914498
vt 0.241271 0.911216
vt 0.241271 0.914498
vt 0.212469 0.914498
vt 0.212469 0.911216
vt 0.185185 0.911216
vt 0.185185 0.914498
vt 0.160050 0.923861
vt 0.136339 0.923861
vt 0.113388 0.923861
vt 0.091647 0.923861
vt 0.070971 0.923861
vt 0.050063 0.923861
vt 0.028617 0.923861
vt 0.447429 0.923861
vt 0.420031 0.923861
vt 0.391294 0.923861
vt 0.360822 0.923861
vt 0.330282 0.923861
vt 0.300574 0.923861
vt 0.270633 0.923861
vt 0.241271 0.923861
vt 0.212469 0.923861
vt 0.185185 0.923861
vt 0.160050 0.927690
vt 0.136339 0.927690
vt 0.113388 0.927690
vt 0.091647 0.927690
vt 0.070971 0.927690
vt 0.050063 0.927690
vt 0.028617 0.927690
vt 0.447429 0.927690
vt 0.420031 0.927690
vt 0.391294 0.927690
vt 0.360822 0.927690
vt 0.330281 0.927690
vt 0.300574 0.927690
vt 0.270633 0.927690
vt 0.241271 0.927690
vt 0.212469 0.927690
vt 0.185185 0.927690
vt 0.160050 0.937822
vt 0.136339 0.937822
vt 0.113388 0.937822
vt 0.091647 0.937822
vt 0.070971 0.937822
vt 0.050063 0.937822
vt 0.028617 0.937822
vt 0.447429 0.937822
vt 0.420031 0.937822
vt 0.391294 0.937822
vt 0.360822 0.937822
vt 0.330282 0.937822
vt 0.300574 0.937822
vt 0.270633 0.937822
vt 0.241271 0.937822
vt 0.212469 0.937822
vt 0.185185 0.937822
vt 0.160050 0.954869
vt 0.136340 0.954869
vt 0.113388 0.954869
vt 0.091647 0.954869
vt 0.070971 0.954869
vt 0.050063 0.954869
vt 0.028617 0.954869
vt 0.447429 0.954869
vt 0.420031 0.954869
vt 0.391294 0.954869
vt 0.360822 0.954869
vt 0.330282 0.954869
vt 0.300574 0.954869
vt 0.270633 0.954869
vt 0.241271 0.954869
vt 0.212469 0.954869
vt 0.185185 0.954869
vt 0.256763 0.037327
vt 0.256760 0.018419
vt 0.275135 0.018416
vt 0.275137 0.037325
vt 0.293513 0.037323
vt 0.293510 0.018413
vt 0.311886 0.018410
vt 0.311889 0.037320
vt 0.330265 0.037317
vt 0.330262 0.018407
vt 0.348641 0.037315
vt 0.348639 0.018404
vt 0.367018 0.037312
vt 0.367015 0.018402
vt 0.073095 0.037297
vt 0.073102 0.018402
vt 0.091463 0.018409
vt 0.091456 0.037305
vt 0.109818 0.037311
vt 0.109824 0.018415
vt 0.128181 0.037317
vt 0.128186 0.018420
vt 0.146545 0.037321
vt 0.146548 0.018423
vt 0.164913 0.018425
vt 0.164911 0.037325
vt 0.183278 0.037327
vt 0.183279 0.018425
vt 0.201646 0.037329
vt 0.201647 0.018425
vt 0.220016 0.018424
vt 0.220017 0.037329
vt 0.238389 0.037328
vt 0.238387 0.018421
vt 0.367332 0.707954
vt 0.345282 0.698859
vt 0.413207 0.698761
vt 0.391184 0.707920
vt 0.328392 0.682017
vt 0.430048 0.681870
vt 0.319233 0.659994
vt 0.439144 0.659821
vt 0.319198 0.636143
vt 0.439109 0.635969
vt 0.328294 0.614093
vt 0.429950 0.613947
vt 0.345135 0.597203
vt 0.413060 0.597105
vt 0.367159 0.588044
vt 0.391010 0.588009
vt 0.030608 0.551198
vt 0.030608 0.480243
vt 0.372105 0.755794
vt 0.372105 0.763700
vt 0.345152 0.763700
vt 0.345152 0.755794
vt 0.334282 0.763700
vt 0.334282 0.755794
vt 0.382548 0.755794
vt 0.382548 0.763700
vt 0.397535 0.722034
vt 0.397535 0.726437
vt 0.391920 0.726437
vt 0.391920 0.722034
vt 0.319614 0.726437
vt 0.319615 0.722034
vt 0.325139 0.722034
vt 0.325139 0.726437
vt 0.372105 0.723237
vt 0.372105 0.718834
vt 0.345152 0.723237
vt 0.345152 0.718834
vt 0.372105 0.728201
vt 0.372105 0.732918
vt 0.345152 0.732918
vt 0.345152 0.728201
vt 0.372105 0.737431
vt 0.372105 0.740724
vt 0.345152 0.740724
vt 0.345152 0.737431
vt 0.377195 0.751467
vt 0.368157 0.751467
vt 0.372105 0.746923
vt 0.339974 0.751467
vt 0.345152 0.746932
vt 0.349099 0.751467
vt 0.391920 0.744084
vt 0.391920 0.739831
vt 0.325139 0.744084
vt 0.325139 0.739831
vt 0.391920 0.735318
vt 0.391920 0.730921
vt 0.325139 0.735318
vt 0.325139 0.730921
vt 0.397535 0.748587
vt 0.397535 0.739831
vt 0.397535 0.735318
vt 0.397535 0.730921
vt 0.319614 0.735318
vt 0.319614 0.730921
vt 0.319615 0.751467
vt 0.319614 0.739831
vt 0.339623 0.074592
vt 0.339623 0.134150
vt 0.316078 0.134150
vt 0.316078 0.074592
vt 0.292421 0.134150
vt 0.292421 0.074592
vt 0.268531 0.134150
vt 0.268531 0.074592
vt 0.244790 0.134150
vt 0.244790 0.074592
vt 0.220554 0.134150
vt 0.220554 0.074592
vt 0.198121 0.122900
vt 0.198121 0.074592
vt 0.172986 0.074592
vt 0.172986 0.123062
vt 0.149969 0.134150
vt 0.149969 0.074592
vt 0.125731 0.134150
vt 0.125731 0.074592
vt 0.102914 0.134150
vt 0.102914 0.074592
vt 0.081101 0.134150
vt 0.081101 0.074592
vt 0.054201 0.134150
vt 0.054201 0.074592
vt 0.030608 0.134150
vt 0.030608 0.074592
vt 0.410731 0.074592
vt 0.410731 0.134150
vt 0.387120 0.134150
vt 0.387120 0.074592
vt 0.363319 0.134150
vt 0.363319 0.074592
vt 0.334282 0.829475
vt 0.345152 0.824829
vt 0.382548 0.828720
vt 0.372105 0.824817
vt 0.197843 0.138674
vt 0.172986 0.138674
vt 0.347314 0.831628
vt 0.338434 0.839542
vt 0.352095 0.836604
vt 0.347384 0.847005
vt 0.358625 0.838423
vt 0.358625 0.849412
vt 0.365154 0.836598
vt 0.370090 0.847171
vt 0.369931 0.831618
vt 0.379463 0.839485
vt 0.196440 0.128494
vt 0.174512 0.128592
vt 0.178940 0.132733
vt 0.191903 0.132672
vt 0.185411 0.134273
vt 0.339623 0.204128
vt 0.316078 0.204128
vt 0.244790 0.204128
vt 0.220554 0.204128
vt 0.149969 0.204128
vt 0.125731 0.204128
vt 0.054201 0.204128
vt 0.030608 0.204128
vt 0.410731 0.204128
vt 0.339623 0.314544
vt 0.316078 0.314544
vt 0.339623 0.424443
vt 0.316078 0.424443
vt 0.244790 0.314544
vt 0.244790 0.424443
vt 0.220554 0.314544
vt 0.220554 0.424443
vt 0.149969 0.314544
vt 0.149969 0.424443
vt 0.125731 0.314544
vt 0.125731 0.424443
vt 0.054201 0.314544
vt 0.054201 0.424131
vt 0.030608 0.314545
vt 0.030608 0.424443
vt 0.410731 0.314545
vt 0.410731 0.424443
vt 0.452255 0.760311
vt 0.454218 0.753552
vt 0.459321 0.753552
vt 0.456650 0.762994
vt 0.449527 0.770117
vt 0.446990 0.765576
vt 0.439797 0.772724
vt 0.439797 0.767503
vt 0.430067 0.770117
vt 0.432604 0.765576
vt 0.422944 0.762994
vt 0.427339 0.760311
vt 0.420274 0.753552
vt 0.425376 0.753552
vt 0.419771 0.764653
vt 0.415945 0.753552
vt 0.420274 0.749740
vt 0.425376 0.749740
vt 0.428844 0.772157
vt 0.439841 0.774982
vt 0.450728 0.772034
vt 0.459804 0.764655
vt 0.463648 0.753552
vt 0.454218 0.749740
vt 0.459321 0.749740
vt 0.427599 0.753552
vt 0.428747 0.759483
vt 0.433463 0.764032
vt 0.439779 0.765738
vt 0.446094 0.764048
vt 0.450781 0.759458
vt 0.451998 0.753552
vt 0.394932 0.818763
vt 0.394932 0.767303
vt 0.398477 0.767303
vt 0.398477 0.818763
vt 0.459911 0.855587
vt 0.456366 0.855587
vt 0.456366 0.804140
vt 0.459911 0.804140
vt 0.452077 0.855587
vt 0.452077 0.804140
vt 0.464181 0.855587
vt 0.464181 0.804140
vt 0.402636 0.767303
vt 0.402637 0.818763
vt 0.390735 0.818763
vt 0.390736 0.767303
vt 0.166194 0.975147
vt 0.147075 0.975147
vt 0.147075 0.972215
vt 0.166194 0.972215
vt 0.147075 0.964784
vt 0.166194 0.964784
vt 0.166194 0.967609
vt 0.147076 0.967609
vt 0.185802 0.975147
vt 0.185802 0.972215
vt 0.185802 0.964784
vt 0.185802 0.967609
vt 0.205951 0.975147
vt 0.205951 0.972215
vt 0.205951 0.964784
vt 0.205951 0.967609
vt 0.227157 0.975147
vt 0.227157 0.972215
vt 0.227157 0.964784
vt 0.227157 0.967609
vt 0.248847 0.975147
vt 0.248847 0.972215
vt 0.248847 0.964784
vt 0.248847 0.967609
vt 0.270496 0.975147
vt 0.270496 0.972215
vt 0.270496 0.964784
vt 0.270496 0.967609
vt 0.292053 0.975147
vt 0.292053 0.972215
vt 0.292053 0.964784
vt 0.292053 0.967609
vt 0.313969 0.975147
vt 0.314014 0.972215
vt 0.314108 0.964784
vt 0.314077 0.967609
vt 0.336389 0.975147
vt 0.336389 0.972215
vt 0.336389 0.964784
vt 0.336389 0.967609
vt 0.359992 0.975147
vt 0.359992 0.972215
vt 0.359992 0.964784
vt 0.359992 0.967609
vt 0.051279 0.975147
vt 0.031110 0.975147
vt 0.031110 0.972215
vt 0.051279 0.972215
vt 0.031110 0.964784
vt 0.051279 0.964784
vt 0.051279 0.967609
vt 0.031110 0.967609
vt 0.071172 0.975147
vt 0.071172 0.972215
vt 0.071172 0.964784
vt 0.071172 0.967609
vt 0.091099 0.975147
vt 0.091098 0.972215
vt 0.091099 0.964784
vt 0.091099 0.967609
vt 0.110047 0.975147
vt 0.110047 0.972215
vt 0.110047 0.964784
vt 0.110047 0.967609
vt 0.128535 0.975147
vt 0.128535 0.972215
vt 0.128535 0.964784
vt 0.128535 0.967609
vt 0.363319 0.581814
vt 0.339623 0.581814
vt 0.387120 0.581814
vt 0.410731 0.581814
vt 0.054201 0.581814
vt 0.030608 0.581814
vt 0.081101 0.581814
vt 0.102914 0.581814
vt 0.125731 0.581814
vt 0.149969 0.581814
vt 0.172986 0.581814
vt 0.197501 0.581814
vt 0.220554 0.581814
vt 0.244790 0.581814
vt 0.268531 0.581814
vt 0.292421 0.581814
vt 0.316079 0.581814
vt 0.853139 0.822128
vt 0.861930 0.822128
vt 0.861930 0.917479
vt 0.853139 0.917479
vt 0.928478 0.917479
vt 0.918445 0.917479
vt 0.918445 0.822128
vt 0.928478 0.822128
vt 0.863991 0.939713
vt 0.855784 0.939713
vt 0.873006 0.951430
vt 0.869493 0.956974
vt 0.888292 0.956295
vt 0.888292 0.961967
vt 0.905020 0.951430
vt 0.908081 0.956974
vt 0.916385 0.939713
vt 0.925592 0.939713
vt 0.961827 0.883414
vt 0.974354 0.883414
vt 0.974354 0.944081
vt 0.961827 0.944081
vt 0.952559 0.944081
vt 0.952559 0.883414
vt 0.985501 0.883414
vt 0.985501 0.944081
vt 0.945046 0.944081
vt 0.945046 0.883414
vt 0.952559 0.951476
vt 0.945046 0.951476
vt 0.945046 0.873056
vt 0.952559 0.873056
vt 0.985501 0.951476
vt 0.974354 0.951476
vt 0.974354 0.873056
vt 0.985501 0.873056
vt 0.961827 0.873056
vt 0.961827 0.951476
vt 0.497032 0.855016
vt 0.509558 0.855016
vt 0.509558 0.862411
vt 0.497032 0.862411
vt 0.509558 0.794349
vt 0.497032 0.794349
vt 0.497032 0.783991
vt 0.509558 0.783991
vt 0.487763 0.855016
vt 0.487763 0.862411
vt 0.487763 0.794349
vt 0.487763 0.783991
vt 0.520706 0.794349
vt 0.520706 0.783991
vt 0.520706 0.855016
vt 0.520706 0.862411
vt 0.480251 0.794349
vt 0.480251 0.783991
vt 0.480251 0.855016
vt 0.480251 0.862411
vt 0.922831 0.565065
vt 0.912948 0.557131
vt 0.912948 0.461780
vt 0.922831 0.455842
vt 0.847492 0.455842
vt 0.856433 0.461780
vt 0.856433 0.557131
vt 0.847492 0.565065
vt 0.819913 0.905714
vt 0.832440 0.905714
vt 0.832440 0.913109
vt 0.819913 0.913109
vt 0.832440 0.845047
vt 0.819913 0.845047
vt 0.819913 0.834688
vt 0.832440 0.834688
vt 0.810645 0.905714
vt 0.810645 0.913109
vt 0.810645 0.845047
vt 0.810645 0.834688
vt 0.843587 0.845047
vt 0.843587 0.834688
vt 0.843587 0.905714
vt 0.843587 0.913109
vt 0.803133 0.845047
vt 0.803133 0.834688
vt 0.803133 0.905714
vt 0.803133 0.913109
vt 0.827193 0.816515
vt 0.811906 0.811651
vt 0.843921 0.811651
vt 0.802891 0.799933
vt 0.855285 0.799933
vt 0.800831 0.777699
vt 0.857346 0.777699
vt 0.800831 0.682348
vt 0.857346 0.682348
vt 0.864492 0.799933
vt 0.867378 0.777699
vt 0.846982 0.817194
vt 0.827193 0.822187
vt 0.808394 0.817194
vt 0.794685 0.799933
vt 0.792040 0.777699
vt 0.867378 0.682348
vt 0.792040 0.682348
vt 0.915212 0.148355
vt 0.924003 0.148355
vt 0.924003 0.243706
vt 0.915212 0.243706
vt 0.990551 0.243706
vt 0.980518 0.243706
vt 0.980518 0.148355
vt 0.990551 0.148355
vt 0.926064 0.265940
vt 0.917857 0.265940
vt 0.935079 0.277658
vt 0.931566 0.283201
vt 0.950365 0.282522
vt 0.950365 0.288194
vt 0.967093 0.277658
vt 0.970154 0.283201
vt 0.978458 0.265940
vt 0.987665 0.265940
vt 0.496059 0.900105
vt 0.508586 0.900105
vt 0.508586 0.960772
vt 0.496059 0.960772
vt 0.486791 0.960772
vt 0.486791 0.900105
vt 0.519733 0.900105
vt 0.519733 0.960772
vt 0.479278 0.960772
vt 0.479278 0.900105
vt 0.486791 0.968167
vt 0.479278 0.968167
vt 0.479278 0.889747
vt 0.486791 0.889747
vt 0.519733 0.968167
vt 0.508586 0.968167
vt 0.508586 0.889747
vt 0.519733 0.889747
vt 0.496059 0.889747
vt 0.496059 0.968167
vt 0.963058 0.854108
vt 0.975585 0.854108
vt 0.975585 0.861503
vt 0.963058 0.861503
vt 0.975585 0.793441
vt 0.963058 0.793441
vt 0.963058 0.783083
vt 0.975585 0.783083
vt 0.953790 0.854108
vt 0.953790 0.861503
vt 0.953790 0.793441
vt 0.953790 0.783083
vt 0.986732 0.793441
vt 0.986732 0.783083
vt 0.986732 0.854108
vt 0.986732 0.861503
vt 0.946277 0.793441
vt 0.946277 0.783083
vt 0.946277 0.854108
vt 0.946277 0.861503
vt 0.934083 0.446411
vt 0.918796 0.441547
vt 0.950810 0.441547
vt 0.909781 0.429829
vt 0.962175 0.429829
vt 0.907721 0.407595
vt 0.964236 0.407595
vt 0.907721 0.312244
vt 0.964236 0.312244
vt 0.971382 0.429829
vt 0.974268 0.407595
vt 0.953872 0.447090
vt 0.934083 0.452083
vt 0.915284 0.447090
vt 0.901575 0.429829
vt 0.898930 0.407595
vt 0.974268 0.312244
vt 0.898930 0.312244
vt 0.873783 0.573840
vt 0.882574 0.573840
vt 0.882574 0.669191
vt 0.873783 0.669191
vt 0.949122 0.669191
vt 0.939089 0.669191
vt 0.939089 0.573840
vt 0.949122 0.573840
vt 0.884635 0.691425
vt 0.876428 0.691425
vt 0.893650 0.703142
vt 0.890137 0.708686
vt 0.908937 0.708007
vt 0.908937 0.713679
vt 0.925664 0.703142
vt 0.928725 0.708686
vt 0.937029 0.691425
vt 0.946236 0.691425
vt 0.901657 0.736539
vt 0.914183 0.736539
vt 0.914183 0.797205
vt 0.901657 0.797205
vt 0.892389 0.797205
vt 0.892389 0.736539
vt 0.925331 0.736539
vt 0.925331 0.797205
vt 0.884876 0.797205
vt 0.884876 0.736539
vt 0.892389 0.804601
vt 0.884876 0.804601
vt 0.884876 0.726180
vt 0.892389 0.726180
vt 0.925331 0.804601
vt 0.914183 0.804601
vt 0.914183 0.726180
vt 0.925331 0.726180
vt 0.901657 0.726180
vt 0.901657 0.804601
s 1
usemtl Material.000
f 1992/1/1 1997/2/1 1995/3/1 1253/4/1
f 3062/5/1 2001/6/1 1999/7/1 1990/8/1
f 1251/9/2 2005/10/2 2003/11/2 1994/12/2
f 1985/13/2 2009/14/2 2007/15/2 1987/16/2
f 1989/17/3 2000/7/3 2010/14/3 1986/18/3
f 5/19/4 2008/15/4 2002/6/4 1252/20/4
f 2807/21/3 1996/3/3 2006/10/3 2805/22/3
f 1998/2/4 1991/23/4 1993/24/4 2004/11/4
f 12/15/5 13/14/5 9/7/5 8/6/5
f 10/11/5 11/10/5 6/3/5 7/2/5
f 2011/25/6 2019/26/6 2020/27/6 2012/28/6
f 2011/25/6 2013/29/6 2021/30/6 2019/26/6
f 2014/31/6 2022/32/6 2023/33/6 2015/34/6
f 2014/31/6 2016/35/6 2024/36/6 2022/32/6
f 2017/37/6 2015/34/6 2023/33/6 2025/38/6
f 2017/37/6 2025/38/6 2021/30/6 2013/29/6
f 2018/39/6 2026/40/6 2024/36/6 2016/35/6
f 2018/39/6 2012/28/6 2020/27/6 2026/40/6
f 20/28/7 31/41/7 30/42/3 14/25/3
f 18/29/8 14/25/3 30/42/3 32/43/8
f 19/34/9 34/44/9 33/45/4 15/31/4
f 21/35/10 15/31/4 33/45/4 35/46/10
f 19/34/9 16/37/11 36/47/11 34/44/9
f 18/29/8 32/43/8 36/47/11 16/37/11
f 21/35/10 35/46/10 37/48/12 17/39/12
f 20/28/7 17/39/12 37/48/12 31/41/7
f 22/49/4 2028/50/4 2027/51/13 23/52/13
f 22/49/4 24/53/14 2029/54/14 2028/50/4
f 25/55/3 2031/56/3 2030/57/15 26/58/15
f 25/59/3 27/60/16 2032/61/16 2031/62/3
f 28/63/17 26/58/15 2030/57/15 2033/64/17
f 28/63/17 2033/64/17 2029/54/14 24/53/14
f 29/65/18 2034/66/18 2032/61/16 27/60/16
f 29/65/18 23/52/13 2027/51/13 2034/66/18
f 39/67/6 40/68/6 44/69/6 38/70/6
f 38/70/6 44/69/6 41/71/6 45/72/6
f 45/72/6 41/71/6 42/73/6 43/74/6
f 2043/75/19 2040/76/19 1277/77/19 2045/78/19
f 2037/79/19 2049/80/19 2047/81/19 2035/82/19
f 2042/83/20 2053/84/20 2051/85/20 1276/86/20
f 2816/87/20 2057/88/20 2055/89/20 2813/90/20
f 47/91/3 2048/81/3 2058/88/3 1275/92/3
f 1274/93/4 2056/89/4 2050/80/4 48/94/4
f 2039/95/3 2044/75/3 2054/84/3 2041/96/3
f 2809/97/4 2052/85/4 2046/78/4 2811/98/4
f 56/89/21 57/88/21 53/81/21 52/80/21
f 54/85/21 55/84/21 50/75/21 51/78/21
f 2059/99/22 2067/100/22 2068/101/22 2060/102/22
f 2059/99/22 2061/103/22 2069/104/22 2067/100/22
f 2062/105/22 2070/106/22 2071/107/22 2063/108/22
f 2062/105/22 2064/109/22 2072/110/22 2070/106/22
f 2065/111/22 2063/108/22 2071/107/22 2073/112/22
f 2065/111/22 2073/112/22 2069/104/22 2061/103/22
f 2066/113/22 2074/114/22 2072/110/22 2064/109/22
f 2066/113/22 2060/102/22 2068/101/22 2074/114/22
f 64/102/23 75/115/23 74/116/3 58/99/3
f 62/103/24 58/99/3 74/116/3 76/117/24
f 63/108/25 78/118/25 77/119/4 59/105/4
f 65/109/26 59/105/4 77/119/4 79/120/26
f 63/108/25 60/111/27 80/121/27 78/118/25
f 62/103/24 76/117/24 80/121/27 60/111/27
f 65/109/26 79/120/26 81/122/28 61/113/28
f 64/102/23 61/113/28 81/122/28 75/115/23
f 66/123/4 2076/124/4 2075/125/29 67/126/29
f 66/123/4 68/127/30 2077/128/30 2076/124/4
f 69/129/3 2079/130/3 2078/131/31 70/132/31
f 69/133/3 71/134/32 2080/135/32 2079/136/3
f 72/137/33 70/132/31 2078/131/31 2081/138/33
f 72/137/33 2081/138/33 2077/128/30 68/127/30
f 73/139/34 2082/140/34 2080/135/32 71/134/32
f 73/139/34 67/126/29 2075/125/29 2082/140/34
f 83/141/22 84/142/22 88/143/22 82/144/22
f 82/144/22 88/143/22 85/145/22 89/146/22
f 89/146/22 85/145/22 86/147/22 87/148/22
f 2087/149/2 2819/150/2 2817/151/2 2089/152/2
f 2095/153/2 2091/154/2 2093/155/2 3058/156/2
f 2083/157/1 2099/158/1 2097/159/1 2085/160/1
f 2105/161/1 2103/162/1 2101/163/1 3060/164/1
f 1299/165/3 2094/155/3 2104/162/3 93/166/3
f 1298/167/4 2102/163/4 2092/154/4 90/168/4
f 1301/169/3 2088/149/3 2100/158/3 91/170/3
f 92/171/4 2098/159/4 2090/152/4 1300/172/4
f 100/163/35 101/162/35 97/155/35 96/154/35
f 98/159/35 99/158/35 94/149/35 95/152/35
f 2107/173/36 2115/174/36 2116/175/36 2108/176/36
f 2107/173/36 2109/177/36 2117/178/36 2115/174/36
f 2110/179/36 2118/180/36 2119/181/36 2111/182/36
f 2110/179/36 2112/183/36 2120/184/36 2118/180/36
f 2113/185/36 2111/182/36 2119/181/36 2121/186/36
f 2113/185/36 2121/186/36 2117/178/36 2109/177/36
f 2114/187/36 2122/188/36 2120/184/36 2112/183/36
f 2114/187/36 2108/176/36 2116/175/36 2122/188/36
f 108/176/37 119/189/37 118/190/3 102/173/3
f 106/177/38 102/173/3 118/190/3 120/191/38
f 107/182/10 122/192/10 121/193/4 103/179/4
f 109/183/9 103/179/4 121/193/4 123/194/9
f 107/182/10 104/185/12 124/195/12 122/192/10
f 106/177/38 120/191/38 124/195/12 104/185/12
f 109/183/9 123/194/9 125/196/11 105/187/11
f 108/176/37 105/187/11 125/196/11 119/189/37
f 110/197/4 2124/198/4 2123/199/39 111/200/39
f 110/197/4 112/201/40 2125/202/40 2124/198/4
f 113/203/3 2127/204/3 2126/205/16 114/206/16
f 113/207/3 115/208/15 2128/209/15 2127/210/3
f 116/211/18 114/206/16 2126/205/16 2129/212/18
f 116/211/18 2129/212/18 2125/202/40 112/201/40
f 117/213/17 2130/214/17 2128/209/15 115/208/15
f 117/213/17 111/200/39 2123/199/39 2130/214/17
f 127/215/36 128/216/36 132/217/36 126/218/36
f 126/218/36 132/217/36 129/219/36 133/220/36
f 133/220/36 129/219/36 130/221/36 131/222/36
f 2137/223/20 2131/224/20 2133/225/20 2139/226/20
f 2145/227/20 2141/228/20 2143/229/20 3052/230/20
f 2136/231/19 2149/232/19 2147/233/19 3054/234/19
f 2155/235/19 2153/236/19 2151/237/19 3056/238/19
f 1312/239/3 2144/229/3 2154/236/3 138/240/3
f 1310/241/4 2152/237/4 2142/228/4 136/242/4
f 2132/243/3 2138/223/3 2150/232/3 2135/244/3
f 1311/245/4 2148/233/4 2140/226/4 135/246/4
f 145/237/41 146/236/41 142/229/41 141/228/41
f 143/233/41 144/232/41 139/223/41 140/226/41
f 2157/247/42 2165/248/42 2166/249/42 2158/250/42
f 2157/247/42 2159/251/42 2167/252/42 2165/248/42
f 2160/253/42 2168/254/42 2169/255/42 2161/256/42
f 2160/253/42 2162/257/42 2170/258/42 2168/254/42
f 2163/259/42 2161/256/42 2169/255/42 2171/260/42
f 2163/259/42 2171/260/42 2167/252/42 2159/251/42
f 2164/261/42 2172/262/42 2170/258/42 2162/257/42
f 2164/261/42 2158/250/42 2166/249/42 2172/262/42
f 153/250/43 164/263/43 163/264/3 147/247/3
f 151/251/44 147/247/3 163/264/3 165/265/44
f 152/256/26 167/266/26 166/267/4 148/253/4
f 154/257/25 148/253/4 166/267/4 168/268/25
f 152/256/26 149/259/28 169/269/28 167/266/26
f 151/251/44 165/265/44 169/269/28 149/259/28
f 154/257/25 168/268/25 170/270/27 150/261/27
f 153/250/43 150/261/27 170/270/27 164/263/43
f 155/271/4 2174/272/4 2173/273/45 156/274/45
f 155/271/4 157/275/46 2175/276/46 2174/272/4
f 158/277/3 2177/278/3 2176/279/32 159/280/32
f 158/281/3 160/282/31 2178/283/31 2177/284/3
f 161/285/34 159/280/32 2176/279/32 2179/286/34
f 161/285/34 2179/286/34 2175/276/46 157/275/46
f 162/287/33 2180/288/33 2178/283/31 160/282/31
f 162/287/33 156/274/45 2173/273/45 2180/288/33
f 172/289/42 173/290/42 177/291/42 171/292/42
f 171/292/42 177/291/42 174/293/42 178/294/42
f 178/294/42 174/293/42 175/295/42 176/296/42
f 181/297/47 189/298/48 190/299/49 2182/300/50
f 179/301/6 182/302/51 189/298/48 181/297/47
f 2182/300/50 190/299/49 183/303/52 180/304/36
f 2183/305/3 2188/306/3 2187/297/3 2184/307/3
f 2186/308/3 2184/307/3 2187/297/3 186/300/3
f 2181/309/3 2185/310/3 2186/308/3 186/300/3
f 190/299/49 189/298/48 182/311/51 183/312/52
f 188/308/53 2190/313/53 2189/314/54 187/307/54
f 185/310/6 2191/315/6 2190/313/53 188/308/53
f 187/307/54 2189/314/54 2192/316/36 184/305/36
f 193/317/3 194/318/3 191/319/3 192/320/3
f 206/321/54 205/322/53 207/323/53 208/324/54
f 204/325/50 206/321/54 208/324/54 209/326/50
f 205/322/53 203/327/47 210/328/47 207/323/53
f 203/327/47 204/329/50 209/330/50 210/328/47
f 200/331/54 202/332/53 212/333/53 211/334/54
f 201/335/47 199/336/50 213/337/50 214/338/47
f 199/336/50 200/331/54 211/334/54 213/337/50
f 202/332/53 201/339/47 214/340/47 212/333/53
f 196/341/53 198/342/47 215/343/47 216/344/53
f 195/345/54 196/341/53 216/344/53 217/346/54
f 197/347/50 195/345/54 217/346/54 218/348/50
f 198/349/47 197/347/50 218/348/50 215/350/47
f 231/351/53 232/352/47 219/353/47 221/354/53
f 234/355/50 233/356/54 222/357/54 220/358/50
f 232/359/47 234/355/50 220/358/50 219/360/47
f 233/356/54 231/351/53 221/354/53 222/357/54
f 230/361/47 229/362/50 224/363/50 223/364/47
f 228/365/53 230/361/47 223/364/47 226/366/53
f 229/367/50 227/368/54 225/369/54 224/370/50
f 227/368/54 228/365/53 226/366/53 225/369/54
f 235/371/55 2193/372/4 2195/373/4 237/374/56
f 235/375/55 239/376/57 2194/377/4 2193/378/4
f 2195/379/4 2196/380/4 241/381/58 237/382/56
f 236/372/50 2197/383/50 2198/384/47 238/373/47
f 238/379/47 2198/385/47 2199/386/6 242/380/6
f 240/377/36 2200/387/36 2197/388/50 236/378/50
f 241/389/58 2201/390/36 2202/391/54 237/392/56
f 235/393/55 2203/394/53 2204/395/6 239/396/57
f 237/397/56 2202/398/54 2203/399/53 235/400/55
f 245/386/3 244/385/3 248/391/3 247/390/3
f 250/395/3 249/394/3 243/388/3 246/387/3
f 243/383/3 249/399/3 248/398/3 244/384/3
f 253/401/50 261/402/49 262/403/59 2206/404/54
f 251/405/22 254/406/60 261/402/49 253/401/50
f 2206/404/54 262/403/59 255/407/61 252/408/42
f 2207/409/3 2212/410/3 2211/401/3 2208/411/3
f 2210/412/3 2208/411/3 2211/401/3 258/404/3
f 2205/413/3 2209/414/3 2210/412/3 258/404/3
f 262/403/59 261/402/49 254/415/60 255/416/61
f 260/412/47 2214/417/47 2213/418/53 259/411/53
f 257/414/22 2215/419/22 2214/417/47 260/412/47
f 259/411/53 2213/418/53 2216/420/42 256/409/42
f 265/421/3 266/422/3 263/423/3 264/424/3
f 278/425/53 277/426/47 279/427/47 280/428/53
f 276/429/54 278/425/53 280/428/53 281/430/54
f 277/426/47 275/431/50 282/432/50 279/427/47
f 275/431/50 276/433/54 281/434/54 282/432/50
f 272/435/53 274/436/47 284/437/47 283/438/53
f 273/439/50 271/440/54 285/441/54 286/442/50
f 271/440/54 272/435/53 283/438/53 285/441/54
f 274/436/47 273/443/50 286/444/50 284/437/47
f 268/445/47 270/446/50 287/447/50 288/448/47
f 267/449/53 268/445/47 288/448/47 289/450/53
f 269/451/54 267/449/53 289/450/53 290/452/54
f 270/453/50 269/451/54 290/452/54 287/454/50
f 303/455/47 304/456/50 291/457/50 293/458/47
f 306/459/54 305/460/53 294/461/53 292/462/54
f 304/463/50 306/459/54 292/462/54 291/464/50
f 305/460/53 303/455/47 293/458/47 294/461/53
f 302/465/50 301/466/54 296/467/54 295/468/50
f 300/469/47 302/465/50 295/468/50 298/470/47
f 301/471/54 299/472/53 297/473/53 296/474/54
f 299/472/53 300/469/47 298/470/47 297/473/53
f 307/475/62 2217/476/4 2219/477/4 309/478/55
f 307/479/62 311/480/63 2218/481/4 2217/482/4
f 2219/483/4 2220/484/4 313/485/64 309/486/55
f 308/476/54 2221/487/54 2222/488/50 310/477/50
f 310/483/50 2222/489/50 2223/490/22 314/484/22
f 312/481/42 2224/491/42 2221/492/54 308/482/54
f 313/493/64 2225/494/42 2226/495/53 309/496/55
f 307/497/62 2227/498/47 2228/499/22 311/500/63
f 309/501/55 2226/502/53 2227/503/47 307/504/62
f 317/490/3 316/489/3 320/495/3 319/494/3
f 322/499/3 321/498/3 315/492/3 318/491/3
f 315/487/3 321/503/3 320/502/3 316/488/3
f 325/505/54 333/506/59 334/507/65 2230/508/53
f 323/509/36 326/510/52 333/506/59 325/505/54
f 2230/508/53 334/507/65 327/511/51 324/512/6
f 2231/513/3 2236/514/3 2235/505/3 2232/515/3
f 2234/516/3 2232/515/3 2235/505/3 330/508/3
f 2229/517/3 2233/518/3 2234/516/3 330/508/3
f 334/507/65 333/506/59 326/519/52 327/520/51
f 332/516/50 2238/521/50 2237/522/47 331/515/47
f 329/518/36 2239/523/36 2238/521/50 332/516/50
f 331/515/47 2237/522/47 2240/524/6 328/513/6
f 337/525/3 338/526/3 335/527/3 336/528/3
f 350/529/47 349/530/50 351/531/50 352/532/47
f 348/533/53 350/529/47 352/532/47 353/534/53
f 349/530/50 347/535/54 354/536/54 351/531/50
f 347/535/54 348/537/53 353/538/53 354/536/54
f 344/539/47 346/540/50 356/541/50 355/542/47
f 345/543/54 343/544/53 357/545/53 358/546/54
f 343/544/53 344/539/47 355/542/47 357/545/53
f 346/540/50 345/547/54 358/548/54 356/541/50
f 340/549/50 342/550/54 359/551/54 360/552/50
f 339/553/47 340/549/50 360/552/50 361/554/47
f 341/555/53 339/553/47 361/554/47 362/556/53
f 342/557/54 341/555/53 362/556/53 359/558/54
f 375/559/50 376/560/54 363/561/54 365/562/50
f 378/563/53 377/564/47 366/565/47 364/566/53
f 376/567/54 378/563/53 364/566/53 363/568/54
f 377/564/47 375/559/50 365/562/50 366/565/47
f 374/569/54 373/570/53 368/571/53 367/572/54
f 372/573/50 374/569/54 367/572/54 370/574/50
f 373/575/53 371/576/47 369/577/47 368/578/53
f 371/576/47 372/573/50 370/574/50 369/577/47
f 379/579/66 2241/580/4 2243/581/4 381/582/62
f 379/583/66 383/584/58 2242/585/4 2241/586/4
f 2243/587/4 2244/588/4 385/589/57 381/590/62
f 380/580/53 2245/591/53 2246/592/54 382/581/54
f 382/587/54 2246/593/54 2247/594/36 386/588/36
f 384/585/6 2248/595/6 2245/596/53 380/586/53
f 385/597/57 2249/598/6 2250/599/47 381/600/62
f 379/601/66 2251/602/50 2252/603/36 383/604/58
f 381/605/62 2250/606/47 2251/607/50 379/608/66
f 389/594/3 388/593/3 392/599/3 391/598/3
f 394/603/3 393/602/3 387/596/3 390/595/3
f 387/591/3 393/607/3 392/606/3 388/592/3
f 397/609/53 405/610/65 406/611/48 2254/612/47
f 395/613/42 398/614/61 405/610/65 397/609/53
f 2254/612/47 406/611/48 399/615/60 396/616/22
f 2255/617/3 2260/618/3 2259/609/3 2256/619/3
f 2258/620/3 2256/619/3 2259/609/3 402/612/3
f 2253/621/3 2257/622/3 2258/620/3 402/612/3
f 406/611/48 405/610/65 398/623/61 399/624/60
f 404/620/54 2262/625/54 2261/626/50 403/619/50
f 401/622/42 2263/627/42 2262/625/54 404/620/54
f 403/619/50 2261/626/50 2264/628/22 400/617/22
f 409/629/3 410/630/3 407/631/3 408/632/3
f 422/633/50 421/634/54 423/635/54 424/636/50
f 420/637/47 422/633/50 424/636/50 425/638/47
f 421/634/54 419/639/53 426/640/53 423/635/54
f 419/639/53 420/641/47 425/642/47 426/640/53
f 416/643/50 418/644/54 428/645/54 427/646/50
f 417/647/53 415/648/47 429/649/47 430/650/53
f 415/648/47 416/643/50 427/646/50 429/649/47
f 418/644/54 417/651/53 430/652/53 428/645/54
f 412/653/54 414/654/53 431/655/53 432/656/54
f 411/657/50 412/653/54 432/656/54 433/658/50
f 413/659/47 411/657/50 433/658/50 434/660/47
f 414/661/53 413/659/47 434/660/47 431/662/53
f 447/663/54 448/664/53 435/665/53 437/666/54
f 450/667/47 449/668/50 438/669/50 436/670/47
f 448/671/53 450/667/47 436/670/47 435/672/53
f 449/668/50 447/663/54 437/666/54 438/669/50
f 446/673/53 445/674/47 440/675/47 439/676/53
f 444/677/54 446/673/53 439/676/53 442/678/54
f 445/679/47 443/680/50 441/681/50 440/682/47
f 443/680/50 444/677/54 442/678/54 441/681/50
f 451/683/56 2265/684/4 2267/685/4 453/686/66
f 451/687/56 455/688/64 2266/689/4 2265/690/4
f 2267/691/4 2268/692/4 457/693/63 453/694/66
f 452/684/47 2269/695/47 2270/696/53 454/685/53
f 454/691/53 2270/697/53 2271/698/42 458/692/42
f 456/689/22 2272/699/22 2269/700/47 452/690/47
f 457/701/63 2273/702/22 2274/703/50 453/704/66
f 451/705/56 2275/706/54 2276/707/42 455/708/64
f 453/709/66 2274/710/50 2275/711/54 451/712/56
f 461/698/3 460/697/3 464/703/3 463/702/3
f 466/707/3 465/706/3 459/700/3 462/699/3
f 459/695/3 465/711/3 464/710/3 460/696/3
f 471/713/67 474/714/67 2282/715/67 2280/716/67
f 2283/717/36 2284/718/36 2287/719/36
f 2277/720/36 2285/721/36 467/722/36
f 2281/716/68 473/715/68 476/723/69 2290/724/69
f 2288/725/22 2286/726/22 468/727/22 2278/728/22
f 469/729/6 470/730/6 2289/731/6
f 478/732/6 2279/733/6 472/734/6
f 2285/721/36 480/735/36 467/722/36
f 2290/724/69 476/723/69 2291/736/70 2293/737/70
f 2293/737/70 2291/736/70 2292/738/71 2294/739/71
f 2294/739/71 2292/738/71 475/726/72 477/725/72
f 2289/731/6 470/730/6 482/740/6
f 470/730/6 2279/733/6 478/732/6 481/741/6
f 470/730/6 481/741/6 482/740/6
f 479/742/36 2287/719/36 2284/718/36 467/722/36
f 480/735/36 479/742/36 467/722/36
f 487/743/67 490/744/67 2300/745/67 2298/746/67
f 2301/747/36 2302/748/36 2305/749/36
f 2295/750/36 2303/751/36 483/752/36
f 2299/746/68 489/745/68 492/753/69 2308/754/69
f 2306/755/22 2304/756/22 484/757/22 2296/758/22
f 485/759/6 486/760/6 2307/761/6
f 494/762/6 2297/763/6 488/764/6
f 2303/751/36 496/765/36 483/752/36
f 2308/754/69 492/753/69 2309/766/70 2311/767/70
f 2311/767/70 2309/766/70 2310/768/71 2312/769/71
f 2312/769/71 2310/768/71 491/756/72 493/755/72
f 2307/761/6 486/760/6 498/770/6
f 486/760/6 2297/763/6 494/762/6 497/771/6
f 486/760/6 497/771/6 498/770/6
f 495/772/36 2305/749/36 2302/748/36 483/752/36
f 496/765/36 495/772/36 483/752/36
f 503/773/67 506/774/67 2318/775/67 2316/776/67
f 2319/777/36 2320/778/36 2323/779/36
f 2313/780/36 2321/781/36 499/782/36
f 2317/776/68 505/775/68 508/783/69 2326/784/69
f 2324/785/22 2322/786/22 500/787/22 2314/788/22
f 501/789/6 502/790/6 2325/791/6
f 510/792/6 2315/793/6 504/794/6
f 2321/781/36 512/795/36 499/782/36
f 2326/784/69 508/783/69 2327/796/70 2329/797/70
f 2329/797/70 2327/796/70 2328/798/71 2330/799/71
f 2330/799/71 2328/798/71 507/786/72 509/785/72
f 2325/791/6 502/790/6 514/800/6
f 502/790/6 2315/793/6 510/792/6 513/801/6
f 502/790/6 513/801/6 514/800/6
f 511/802/36 2323/779/36 2320/778/36 499/782/36
f 512/795/36 511/802/36 499/782/36
f 519/803/73 522/804/73 2336/805/73 2334/806/73
f 2337/807/42 2338/808/42 2341/809/42
f 2331/810/42 2339/811/42 515/812/42
f 2335/806/74 521/805/74 524/813/75 2344/814/75
f 2342/815/36 2340/816/36 516/817/36 2332/818/36
f 517/819/22 518/820/22 2343/821/22
f 526/822/22 2333/823/22 520/824/22
f 2339/811/42 528/825/42 515/812/42
f 2344/814/75 524/813/75 2345/826/76 2347/827/76
f 2347/827/76 2345/826/76 2346/828/77 2348/829/77
f 2348/829/77 2346/828/77 523/816/78 525/815/78
f 2343/821/22 518/820/22 530/830/22
f 518/820/22 2333/823/22 526/822/22 529/831/22
f 518/820/22 529/831/22 530/830/22
f 527/832/42 2341/809/42 2338/808/42 515/812/42
f 528/825/42 527/832/42 515/812/42
f 535/833/73 538/834/73 2354/835/73 2352/836/73
f 2355/837/42 2356/838/42 2359/839/42
f 2349/840/42 2357/841/42 531/842/42
f 2353/836/74 537/835/74 540/843/75 2362/844/75
f 2360/845/36 2358/846/36 532/847/36 2350/848/36
f 533/849/22 534/850/22 2361/851/22
f 542/852/22 2351/853/22 536/854/22
f 2357/841/42 544/855/42 531/842/42
f 2362/844/75 540/843/75 2363/856/76 2365/857/76
f 2365/857/76 2363/856/76 2364/858/77 2366/859/77
f 2366/859/77 2364/858/77 539/846/78 541/845/78
f 2361/851/22 534/850/22 546/860/22
f 534/850/22 2351/853/22 542/852/22 545/861/22
f 534/850/22 545/861/22 546/860/22
f 543/862/42 2359/839/42 2356/838/42 531/842/42
f 544/855/42 543/862/42 531/842/42
f 551/863/73 554/864/73 2372/865/73 2370/866/73
f 2373/867/42 2374/868/42 2377/869/42
f 2367/870/42 2375/871/42 547/872/42
f 2371/866/74 553/865/74 556/873/75 2380/874/75
f 2378/875/36 2376/876/36 548/877/36 2368/878/36
f 549/879/22 550/880/22 2379/881/22
f 558/882/22 2369/883/22 552/884/22
f 2375/871/42 560/885/42 547/872/42
f 2380/874/75 556/873/75 2381/886/76 2383/887/76
f 2383/887/76 2381/886/76 2382/888/77 2384/889/77
f 2384/889/77 2382/888/77 555/876/78 557/875/78
f 2379/881/22 550/880/22 562/890/22
f 550/880/22 2369/883/22 558/882/22 561/891/22
f 550/880/22 561/891/22 562/890/22
f 559/892/42 2377/869/42 2374/868/42 547/872/42
f 560/885/42 559/892/42 547/872/42
f 567/893/79 570/894/79 2390/895/79 2388/896/79
f 2391/897/6 2392/898/6 2395/899/6
f 2385/900/6 2393/901/6 563/902/6
f 2389/896/80 569/895/80 572/903/81 2398/904/81
f 2396/905/42 2394/906/42 564/907/42 2386/908/42
f 565/909/36 566/910/36 2397/911/36
f 574/912/36 2387/913/36 568/914/36
f 2393/901/6 576/915/6 563/902/6
f 2398/904/81 572/903/81 2399/916/82 2401/917/82
f 2401/917/82 2399/916/82 2400/918/83 2402/919/83
f 2402/919/83 2400/918/83 571/906/84 573/905/84
f 2397/911/36 566/910/36 578/920/36
f 566/910/36 2387/913/36 574/912/36 577/921/36
f 566/910/36 577/921/36 578/920/36
f 575/922/6 2395/899/6 2392/898/6 563/902/6
f 576/915/6 575/922/6 563/902/6
f 583/923/79 586/924/79 2408/925/79 2406/926/79
f 2409/927/6 2410/928/6 2413/929/6
f 2403/930/6 2411/931/6 579/932/6
f 2407/926/80 585/925/80 588/933/81 2416/934/81
f 2414/935/42 2412/936/42 580/937/42 2404/938/42
f 581/939/36 582/940/36 2415/941/36
f 590/942/36 2405/943/36 584/944/36
f 2411/931/6 592/945/6 579/932/6
f 2416/934/81 588/933/81 2417/946/82 2419/947/82
f 2419/947/82 2417/946/82 2418/948/83 2420/949/83
f 2420/949/83 2418/948/83 587/936/84 589/935/84
f 2415/941/36 582/940/36 594/950/36
f 582/940/36 2405/943/36 590/942/36 593/951/36
f 582/940/36 593/951/36 594/950/36
f 591/952/6 2413/929/6 2410/928/6 579/932/6
f 592/945/6 591/952/6 579/932/6
f 599/953/79 602/954/79 2426/955/79 2424/956/79
f 2427/957/6 2428/958/6 2431/959/6
f 2421/960/6 2429/961/6 595/962/6
f 2425/956/80 601/955/80 604/963/81 2434/964/81
f 2432/965/42 2430/966/42 596/967/42 2422/968/42
f 597/969/36 598/970/36 2433/971/36
f 606/972/36 2423/973/36 600/974/36
f 2429/961/6 608/975/6 595/962/6
f 2434/964/81 604/963/81 2435/976/82 2437/977/82
f 2437/977/82 2435/976/82 2436/978/83 2438/979/83
f 2438/979/83 2436/978/83 603/966/84 605/965/84
f 2433/971/36 598/970/36 610/980/36
f 598/970/36 2423/973/36 606/972/36 609/981/36
f 598/970/36 609/981/36 610/980/36
f 607/982/6 2431/959/6 2428/958/6 595/962/6
f 608/975/6 607/982/6 595/962/6
f 615/983/85 618/984/85 2444/985/85 2442/986/85
f 2445/987/22 2446/988/22 2449/989/22
f 2439/990/22 2447/991/22 611/992/22
f 2443/986/86 617/985/86 620/993/87 2452/994/87
f 2450/995/6 2448/996/6 612/997/6 2440/998/6
f 613/999/42 614/1000/42 2451/1001/42
f 622/1002/42 2441/1003/42 616/1004/42
f 2447/991/22 624/1005/22 611/992/22
f 2452/994/87 620/993/87 2453/1006/88 2455/1007/88
f 2455/1007/88 2453/1006/88 2454/1008/89 2456/1009/89
f 2456/1009/89 2454/1008/89 619/996/90 621/995/90
f 2451/1001/42 614/1000/42 626/1010/42
f 614/1000/42 2441/1003/42 622/1002/42 625/1011/42
f 614/1000/42 625/1011/42 626/1010/42
f 623/1012/22 2449/989/22 2446/988/22 611/992/22
f 624/1005/22 623/1012/22 611/992/22
f 631/1013/85 634/1014/85 2462/1015/85 2460/1016/85
f 2463/1017/22 2464/1018/22 2467/1019/22
f 2457/1020/22 2465/1021/22 627/1022/22
f 2461/1016/86 633/1015/86 636/1023/87 2470/1024/87
f 2468/1025/6 2466/1026/6 628/1027/6 2458/1028/6
f 629/1029/42 630/1030/42 2469/1031/42
f 638/1032/42 2459/1033/42 632/1034/42
f 2465/1021/22 640/1035/22 627/1022/22
f 2470/1024/87 636/1023/87 2471/1036/88 2473/1037/88
f 2473/1037/88 2471/1036/88 2472/1038/89 2474/1039/89
f 2474/1039/89 2472/1038/89 635/1026/90 637/1025/90
f 2469/1031/42 630/1030/42 642/1040/42
f 630/1030/42 2459/1033/42 638/1032/42 641/1041/42
f 630/1030/42 641/1041/42 642/1040/42
f 639/1042/22 2467/1019/22 2464/1018/22 627/1022/22
f 640/1035/22 639/1042/22 627/1022/22
f 647/1043/91 650/1044/91 2480/1045/91 2478/1046/91
f 2481/1047/22 2482/1048/22 2485/1049/22
f 2475/1050/22 2483/1051/22 643/1052/22
f 2479/1046/86 649/1045/86 652/1053/87 2488/1054/87
f 2486/1055/6 2484/1056/6 644/1057/6 2476/1058/6
f 645/1059/42 646/1060/42 2487/1061/42
f 654/1062/42 2477/1063/42 648/1064/42
f 2483/1051/22 656/1065/22 643/1052/22
f 2488/1054/87 652/1053/87 2489/1066/88 2491/1067/88
f 2491/1067/88 2489/1066/88 2490/1068/92 2492/1069/92
f 2492/1069/92 2490/1068/92 651/1056/90 653/1055/90
f 2487/1061/42 646/1060/42 658/1070/42
f 646/1060/42 2477/1063/42 654/1062/42 657/1071/42
f 646/1060/42 657/1071/42 658/1070/42
f 655/1072/22 2485/1049/22 2482/1048/22 643/1052/22
f 656/1065/22 655/1072/22 643/1052/22
f 661/1073/93 659/1074/93 660/1075/94 1322/1076/95
f 2493/1077/96 2494/1078/97 2501/1079/98 2500/1080/99
f 2495/1081/100 2503/1082/101 2502/1083/102 2496/1084/102
f 2493/1077/96 2500/1080/99 2504/1085/103 2497/1086/103
f 2497/1086/103 2504/1085/103 2505/1087/104 2498/1088/104
f 2498/1088/104 2505/1087/104 2506/1089/105 2499/1090/105
f 2499/1090/105 2506/1089/105 2503/1082/101 2495/1081/100
f 2501/1079/98 2494/1078/97 2507/1091/106 2508/1092/106
f 2502/1083/102 2510/1093/102 2509/1094/102 2496/1084/102
f 671/1083/107 680/1095/108 681/1096/109 678/1093/109
f 679/1097/22 682/1098/22 683/1099/110 668/1100/110
f 670/1079/111 676/1092/112 685/1101/112 684/1102/113
f 677/1103/42 667/1104/114 687/1105/115 686/1106/42
f 675/1089/116 688/1107/117 689/1108/118 672/1082/119
f 674/1087/120 690/1109/121 688/1107/117 675/1089/116
f 673/1085/122 691/1110/123 690/1109/121 674/1087/120
f 669/1080/124 692/1111/125 691/1110/123 673/1085/122
f 672/1082/119 689/1108/118 680/1095/108 671/1083/107
f 669/1080/124 670/1079/111 684/1102/113 692/1111/125
f 666/1112/126 694/1113/127 693/1114/128 665/1115/128
f 665/1115/128 693/1114/128 695/1116/4 664/1117/4
f 664/1117/4 695/1116/4 696/1118/129 663/1119/129
f 697/1120/130 662/1121/131 663/1119/129 696/1118/129
f 668/1122/110 683/1123/110 694/1113/127 666/1112/126
f 667/1124/114 662/1121/131 697/1120/130 687/1125/115
f 700/1126/132 698/1127/132 699/1128/133 1330/1129/134
f 2511/1130/135 2512/1131/136 2519/1132/137 2518/1133/138
f 2513/1134/139 2521/1135/140 2520/1136/141 2514/1137/141
f 2511/1130/135 2518/1133/138 2522/1138/142 2515/1139/142
f 2515/1139/142 2522/1138/142 2523/1140/143 2516/1141/143
f 2516/1141/143 2523/1140/143 2524/1142/144 2517/1143/144
f 2517/1143/144 2524/1142/144 2521/1135/140 2513/1134/139
f 2519/1132/137 2512/1131/136 2525/1144/145 2526/1145/145
f 2520/1136/141 2528/1146/141 2527/1147/141 2514/1137/141
f 710/1136/146 719/1148/147 720/1149/148 717/1146/148
f 718/1150/36 721/1151/36 722/1152/149 707/1153/149
f 709/1132/150 715/1145/151 724/1154/151 723/1155/152
f 716/1156/6 706/1157/153 726/1158/154 725/1159/6
f 714/1142/155 727/1160/156 728/1161/157 711/1135/158
f 713/1140/159 729/1162/160 727/1160/156 714/1142/155
f 712/1138/161 730/1163/162 729/1162/160 713/1140/159
f 708/1133/163 731/1164/164 730/1163/162 712/1138/161
f 711/1135/158 728/1161/157 719/1148/147 710/1136/146
f 708/1133/163 709/1132/150 723/1155/152 731/1164/164
f 705/1165/165 733/1166/165 732/1167/166 704/1168/166
f 704/1168/166 732/1167/166 734/1169/4 703/1170/4
f 703/1170/4 734/1169/4 735/1171/167 702/1172/167
f 736/1173/168 701/1174/169 702/1172/167 735/1171/167
f 707/1175/149 722/1176/149 733/1166/165 705/1165/165
f 706/1177/153 701/1174/169 736/1173/168 726/1178/154
f 738/1179/170 737/1180/170 1345/1181/171 1344/1182/172
f 2529/1183/173 2530/1184/174 2537/1185/175 2536/1186/176
f 2531/1187/177 2539/1188/178 2538/1189/179 2532/1190/179
f 2529/1183/173 2536/1186/176 2540/1191/180 2533/1192/180
f 2533/1192/180 2540/1191/180 2541/1193/181 2534/1194/181
f 2534/1194/181 2541/1193/181 2542/1195/182 2535/1196/182
f 2535/1196/182 2542/1195/182 2539/1188/178 2531/1187/177
f 2537/1185/175 2530/1184/174 2543/1197/183 2544/1198/183
f 2538/1189/179 2546/1199/179 2545/1200/179 2532/1190/179
f 748/1189/184 757/1201/185 758/1202/186 755/1199/186
f 756/1203/42 759/1204/42 760/1205/187 745/1206/187
f 747/1185/188 753/1198/189 762/1207/189 761/1208/190
f 754/1209/22 744/1210/191 764/1211/192 763/1212/22
f 752/1195/123 765/1213/122 766/1214/193 749/1188/194
f 751/1193/121 767/1215/120 765/1213/122 752/1195/123
f 750/1191/117 768/1216/116 767/1215/120 751/1193/121
f 746/1186/195 769/1217/196 768/1216/116 750/1191/117
f 749/1188/194 766/1214/193 757/1201/185 748/1189/184
f 746/1186/195 747/1185/188 761/1208/190 769/1217/196
f 743/1218/197 771/1219/197 770/1220/129 742/1221/129
f 742/1221/129 770/1220/129 772/1222/4 741/1223/4
f 741/1223/4 772/1222/4 773/1224/128 740/1225/128
f 774/1226/198 739/1227/199 740/1225/128 773/1224/128
f 745/1228/187 760/1229/187 771/1219/197 743/1218/197
f 744/1230/191 739/1227/199 774/1226/198 764/1231/192
f 776/1232/200 775/1233/200 1359/1234/201 777/1235/202
f 2547/1236/203 2548/1237/204 2555/1238/205 2554/1239/206
f 2549/1240/207 2557/1241/208 2556/1242/209 2550/1243/209
f 2547/1236/203 2554/1239/206 2558/1244/210 2551/1245/210
f 2551/1245/210 2558/1244/210 2559/1246/211 2552/1247/211
f 2552/1247/211 2559/1246/211 2560/1248/212 2553/1249/212
f 2553/1249/212 2560/1248/212 2557/1241/208 2549/1240/207
f 2555/1238/205 2548/1237/204 2561/1250/213 2562/1251/213
f 2556/1242/209 2564/1252/209 2563/1253/209 2550/1243/209
f 787/1242/214 796/1254/215 797/1255/216 794/1252/216
f 795/1256/6 798/1257/6 799/1258/217 784/1259/217
f 786/1238/218 792/1251/219 801/1260/219 800/1261/220
f 793/1262/36 783/1263/221 803/1264/222 802/1265/36
f 791/1248/162 804/1266/161 805/1267/223 788/1241/224
f 790/1246/160 806/1268/159 804/1266/161 791/1248/162
f 789/1244/156 807/1269/155 806/1268/159 790/1246/160
f 785/1239/225 808/1270/226 807/1269/155 789/1244/156
f 788/1241/224 805/1267/223 796/1254/215 787/1242/214
f 785/1239/225 786/1238/218 800/1261/220 808/1270/226
f 782/1271/227 810/1272/227 809/1273/167 781/1274/167
f 781/1274/167 809/1273/167 811/1275/4 780/1276/4
f 780/1276/4 811/1275/4 812/1277/166 779/1278/166
f 813/1279/228 778/1280/229 779/1278/166 812/1277/166
f 784/1281/217 799/1282/217 810/1272/227 782/1271/227
f 783/1283/221 778/1280/229 813/1279/228 803/1284/222
f 2567/1285/230 1781/1286/231 2719/1287/232
f 1780/1288/233 2570/1289/234 2796/1290/235
f 2570/1289/234 1780/1288/233 1781/1286/231 2567/1285/230
f 1389/1291/236 820/1292/237 988/1293/238 1388/1294/239
f 2566/1295/240 2565/1296/241 2574/1297/242
f 2571/1298/243 2568/1299/244 2569/1300/245
f 822/1301/246 988/1293/238 820/1292/237
f 2574/1297/242 2565/1296/241 2576/1302/247 2575/1303/248
f 2575/1303/248 2576/1302/247 2577/1304/249 2573/1305/250
f 2573/1305/250 2577/1304/249 2578/1306/251 2572/1307/252
f 2572/1307/252 2578/1306/251 2568/1299/244 2571/1298/243
f 816/1308/253 818/1285/254 987/1287/255 827/1309/256
f 817/1310/257 1081/1311/258 1074/1290/259 819/1289/260
f 814/1312/261 2570/1313/234 2567/1314/230 815/1315/261
f 814/1312/261 815/1315/261 824/1316/261 823/1317/261
f 821/1318/261 823/1317/261 824/1316/261
f 825/1319/262 816/1308/253 827/1309/256 828/1320/263
f 826/1321/264 1082/1322/265 1081/1311/258 817/1310/257
f 822/1301/246 820/1292/237 1082/1322/265 826/1321/264
f 822/1301/246 825/1319/262 828/1320/263 988/1293/238
f 2581/1323/266 1773/1324/267 2734/1325/268
f 1772/1326/269 2584/1327/270 2585/1328/271
f 1773/1324/267 2581/1323/266 2584/1327/270 1772/1326/269
f 829/1329/272 838/1330/273 1003/1331/274 830/1332/275
f 2580/1333/276 2579/1334/277 2589/1335/278
f 2586/1336/279 2582/1337/280 2583/1338/281
f 840/1339/282 1003/1331/274 838/1330/273
f 2589/1335/278 2579/1334/277 2591/1340/283 2590/1341/284
f 2590/1341/284 2591/1340/283 2592/1342/285 2588/1343/286
f 2588/1343/286 2592/1342/285 2593/1344/287 2587/1345/288
f 2587/1345/288 2593/1344/287 2582/1337/280 2586/1336/279
f 833/1346/289 835/1323/290 1002/1325/291 1013/1347/292
f 834/1348/293 845/1349/294 837/1328/295 836/1327/296
f 831/1350/297 2584/1351/270 2581/1352/266 832/1353/297
f 831/1350/297 832/1353/297 842/1354/298 841/1355/298
f 839/1356/297 841/1355/298 842/1354/298
f 843/1357/299 833/1346/289 1013/1347/292 1015/1358/300
f 844/1359/301 846/1360/302 845/1349/294 834/1348/293
f 840/1339/282 838/1330/273 846/1360/302 844/1359/301
f 840/1339/282 843/1357/299 1015/1358/300 1003/1331/274
f 2596/1361/303 1775/1362/304 2750/1363/305
f 1774/1364/306 2599/1365/307 2735/1366/308
f 1775/1362/304 2596/1361/303 2599/1365/307 1774/1364/306
f 995/1367/309 1005/1368/310 1024/1369/311 1016/1370/312
f 2595/1371/313 2594/1372/314 2603/1373/315
f 2600/1374/316 2597/1375/317 2598/1376/318
f 854/1377/319 1024/1369/311 1005/1368/310
f 2603/1373/315 2594/1372/314 2605/1378/320 2604/1379/321
f 2604/1379/321 2605/1378/320 2606/1380/322 2602/1381/323
f 2602/1381/323 2606/1380/322 2607/1382/324 2601/1383/325
f 2601/1383/325 2607/1382/324 2597/1375/317 2600/1374/316
f 849/1384/326 851/1361/327 1023/1363/328 1031/1385/329
f 850/1386/330 1012/1387/331 1004/1366/332 852/1365/333
f 847/1388/334 2599/1389/307 2596/1390/303 848/1391/334
f 847/1388/334 848/1391/334 856/1392/334 855/1393/334
f 853/1394/334 855/1393/334 856/1392/334
f 857/1395/335 849/1384/326 1031/1385/329 1032/1396/336
f 858/1397/337 1014/1398/338 1012/1387/331 850/1386/330
f 854/1377/319 1005/1368/310 1014/1398/338 858/1397/337
f 854/1377/319 857/1395/335 1032/1396/336 1024/1369/311
f 2610/1399/339 1783/1400/340 2615/1401/341
f 1782/1402/342 2613/1403/343 2614/1404/344
f 1783/1400/340 2610/1399/339 2613/1403/343 1782/1402/342
f 859/1405/345 868/1406/346 870/1407/347 860/1408/348
f 2609/1409/349 2608/1410/350 2619/1411/351
f 2616/1412/352 2611/1413/353 2612/1414/354
f 872/1415/355 870/1407/347 868/1406/346
f 2619/1411/351 2608/1410/350 2621/1416/356 2620/1417/357
f 2620/1417/357 2621/1416/356 2622/1418/358 2618/1419/359
f 2618/1419/359 2622/1418/358 2623/1420/360 2617/1421/361
f 2617/1421/361 2623/1420/360 2611/1413/353 2616/1412/352
f 863/1422/362 865/1399/363 869/1401/364 877/1423/365
f 864/1424/366 878/1425/367 867/1404/368 866/1403/369
f 861/1426/370 2613/1427/343 2610/1428/339 862/1429/370
f 861/1426/370 862/1429/370 874/1430/370 873/1431/370
f 871/1432/370 873/1431/370 874/1430/370
f 875/1433/371 863/1422/362 877/1423/365 879/1434/372
f 876/1435/373 880/1436/374 878/1425/367 864/1424/366
f 872/1415/355 868/1406/346 880/1436/374 876/1435/373
f 872/1415/355 875/1433/371 879/1434/372 870/1407/347
f 2626/1437/375 1785/1438/376 2630/1439/377
f 1784/1440/378 2629/1441/379 2765/1442/380
f 1785/1438/376 2626/1437/375 2629/1441/379 1784/1440/378
f 1033/1443/381 1041/1444/382 889/1445/383 881/1446/384
f 2625/1447/385 2624/1448/386 2634/1449/387
f 2631/1450/388 2627/1451/389 2628/1452/390
f 891/1453/391 889/1445/383 1041/1444/382
f 2634/1449/387 2624/1448/386 2636/1454/392 2635/1455/393
f 2635/1455/393 2636/1454/392 2637/1456/394 2633/1457/395
f 2633/1457/395 2637/1456/394 2638/1458/396 2632/1459/397
f 2632/1459/397 2638/1458/396 2627/1451/389 2631/1450/388
f 884/1460/398 886/1437/399 888/1439/400 896/1461/401
f 885/1462/402 1048/1463/403 1040/1442/404 887/1441/405
f 882/1464/406 2629/1465/379 2626/1466/375 883/1467/406
f 882/1464/406 883/1467/406 893/1468/406 892/1469/406
f 890/1470/407 892/1469/406 893/1468/406
f 894/1471/408 884/1460/398 896/1461/401 897/1472/409
f 895/1473/410 1049/1474/411 1048/1463/403 885/1462/402
f 891/1453/391 1041/1444/382 1049/1474/411 895/1473/410
f 891/1453/391 894/1471/408 897/1472/409 889/1445/383
f 2641/1475/412 1777/1476/413 2704/1477/414
f 1776/1478/415 2644/1479/416 2645/1480/417
f 1777/1476/413 2641/1475/412 2644/1479/416 1776/1478/415
f 898/1481/418 906/1482/419 972/1483/420 964/1484/421
f 2640/1485/422 2639/1486/423 2649/1487/424
f 2646/1488/425 2642/1489/426 2643/1490/427
f 908/1491/428 972/1483/420 906/1482/419
f 2649/1487/424 2639/1486/423 2651/1492/429 2650/1493/430
f 2650/1493/430 2651/1492/429 2652/1494/431 2648/1495/432
f 2648/1495/432 2652/1494/431 2653/1496/433 2647/1497/434
f 2647/1497/434 2653/1496/433 2642/1489/426 2646/1488/425
f 901/1498/435 903/1475/436 971/1477/437 979/1499/438
f 902/1500/439 913/1501/440 905/1480/441 904/1479/442
f 899/1502/443 2644/1503/416 2641/1504/412 900/1505/443
f 899/1502/443 900/1505/443 910/1506/443 909/1507/443
f 907/1508/444 909/1507/443 910/1506/443
f 911/1509/445 901/1498/435 979/1499/438 980/1510/446
f 912/1511/447 914/1512/448 913/1501/440 902/1500/439
f 908/1491/428 906/1482/419 914/1512/448 912/1511/447
f 908/1491/428 911/1509/445 980/1510/446 972/1483/420
f 2656/1513/449 1779/1514/450 2795/1515/451
f 1778/1516/452 2659/1517/453 2660/1518/454
f 1779/1514/450 2656/1513/449 2659/1517/453 1778/1516/452
f 915/1519/455 924/1520/456 1073/1521/457 916/1522/458
f 2655/1523/459 2654/1524/460 2664/1525/461
f 2661/1526/462 2657/1527/463 2658/1528/464
f 926/1529/465 1073/1521/457 924/1520/456
f 2664/1525/461 2654/1524/460 2666/1530/466 2665/1531/467
f 2665/1531/467 2666/1530/466 2667/1532/468 2663/1533/469
f 2663/1533/469 2667/1532/468 2668/1534/470 2662/1535/471
f 2662/1535/471 2668/1534/470 2657/1527/463 2661/1526/462
f 919/1536/472 921/1513/473 1072/1515/474 931/1537/475
f 920/1538/476 932/1539/477 923/1518/478 922/1517/479
f 917/1540/480 2659/1541/453 2656/1542/449 918/1543/480
f 917/1540/480 918/1543/480 928/1544/480 927/1545/480
f 925/1546/480 927/1545/480 928/1544/480
f 929/1547/481 919/1536/472 931/1537/475 933/1548/482
f 930/1549/483 934/1550/484 932/1539/477 920/1538/476
f 926/1529/465 924/1520/456 934/1550/484 930/1549/483
f 926/1529/465 929/1547/481 933/1548/482 1073/1521/457
f 2671/1551/485 1771/1552/486 2780/1553/487
f 1786/1554/488 2674/1555/489 2689/1556/490
f 1771/1552/486 2671/1551/485 2674/1555/489 1786/1554/488
f 1383/1557/491 955/1558/492 941/1559/493 1050/1560/494
f 2670/1561/495 2669/1562/496 2678/1563/497
f 2675/1564/498 2672/1565/499 2673/1566/500
f 943/1567/501 941/1559/493 955/1558/492
f 2678/1563/497 2669/1562/496 2680/1568/502 2679/1569/503
f 2679/1569/503 2680/1568/502 2681/1570/504 2677/1571/505
f 2677/1571/505 2681/1570/504 2682/1572/506 2676/1573/507
f 2676/1573/507 2682/1572/506 2672/1565/499 2675/1564/498
f 937/1574/508 939/1551/509 1057/1553/510 1064/1575/511
f 938/1576/512 962/1577/513 954/1556/514 940/1555/515
f 935/1578/516 2674/1579/489 2671/1580/485 936/1581/516
f 935/1578/516 936/1581/516 945/1582/516 944/1583/516
f 942/1584/516 944/1583/516 945/1582/516
f 946/1585/517 937/1574/508 1064/1575/511 1065/1586/518
f 947/1587/519 963/1588/520 962/1577/513 938/1576/512
f 943/1567/501 955/1558/492 963/1588/520 947/1587/519
f 943/1567/501 946/1585/517 1065/1586/518 941/1559/493
f 2685/1323/521 1786/1324/488 2689/1325/490
f 1785/1326/376 2688/1327/522 2630/1328/377
f 1786/1324/488 2685/1323/521 2688/1327/522 1785/1326/376
f 881/1329/384 889/1330/383 955/1331/492 1383/1332/491
f 2684/1589/523 2683/1590/524 2693/1591/525
f 2690/1592/526 2686/1593/527 2687/1594/528
f 957/1339/529 955/1331/492 889/1330/383
f 2693/1591/525 2683/1590/524 2695/1595/530 2694/1596/531
f 2694/1596/531 2695/1595/530 2696/1597/532 2692/1598/533
f 2692/1598/533 2696/1597/532 2697/1599/534 2691/1600/535
f 2691/1600/535 2697/1599/534 2686/1593/527 2690/1592/526
f 950/1346/536 952/1323/537 954/1325/514 962/1347/513
f 951/1348/538 896/1349/401 888/1328/400 953/1327/539
f 948/1601/540 2688/1602/522 2685/1603/521 949/1604/540
f 948/1601/540 949/1604/540 959/1605/540 958/1606/540
f 956/1607/540 958/1606/540 959/1605/540
f 960/1357/541 950/1346/536 962/1347/513 963/1358/520
f 961/1359/542 897/1360/409 896/1349/401 951/1348/538
f 957/1339/529 889/1330/383 897/1360/409 961/1359/542
f 957/1339/529 960/1357/541 963/1358/520 955/1331/492
f 2700/1608/543 1778/1609/452 2660/1610/454
f 1777/1611/413 2703/1612/544 2704/1613/414
f 1778/1609/452 2700/1608/543 2703/1612/544 1777/1611/413
f 964/1614/421 972/1615/420 924/1616/456 915/1617/455
f 2699/1618/545 2698/1619/546 2708/1620/547
f 2705/1621/548 2701/1622/549 2702/1623/550
f 974/1624/551 924/1616/456 972/1615/420
f 2708/1620/547 2698/1619/546 2710/1625/552 2709/1626/553
f 2709/1626/553 2710/1625/552 2711/1627/554 2707/1628/555
f 2707/1628/555 2711/1627/554 2712/1629/556 2706/1630/557
f 2706/1630/557 2712/1629/556 2701/1622/549 2705/1621/548
f 967/1631/558 969/1608/559 923/1610/478 932/1632/477
f 968/1633/560 979/1634/438 971/1613/437 970/1612/561
f 965/1635/562 2703/1636/544 2700/1637/543 966/1638/562
f 965/1635/562 966/1638/562 976/1639/562 975/1640/562
f 973/1641/562 975/1640/562 976/1639/562
f 977/1642/563 967/1631/558 932/1632/477 934/1643/484
f 978/1644/564 980/1645/446 979/1634/438 968/1633/560
f 974/1624/551 972/1615/420 980/1645/446 978/1644/564
f 974/1624/551 977/1642/563 934/1643/484 924/1616/456
f 2715/1646/565 1782/1647/342 2614/1648/344
f 1781/1649/231 2718/1650/566 2719/1651/232
f 1782/1647/342 2715/1646/565 2718/1650/566 1781/1649/231
f 1388/1652/239 988/1653/238 868/1654/346 859/1655/345
f 2714/1656/567 2713/1657/568 2723/1658/569
f 2720/1659/570 2716/1660/571 2717/1661/572
f 990/1662/573 868/1654/346 988/1653/238
f 2723/1658/569 2713/1657/568 2725/1663/574 2724/1664/575
f 2724/1664/575 2725/1663/574 2726/1665/576 2722/1666/577
f 2722/1666/577 2726/1665/576 2727/1667/578 2721/1668/579
f 2721/1668/579 2727/1667/578 2716/1660/571 2720/1659/570
f 983/1669/580 985/1646/581 867/1648/368 878/1670/367
f 984/1671/582 827/1672/256 987/1651/255 986/1650/583
f 981/1673/584 2718/1674/566 2715/1675/565 982/1676/584
f 981/1673/584 982/1676/584 992/1677/584 991/1678/584
f 989/1679/584 991/1678/584 992/1677/584
f 993/1680/585 983/1669/580 878/1670/367 880/1681/374
f 994/1682/586 828/1683/263 827/1672/256 984/1671/582
f 990/1662/573 988/1653/238 828/1683/263 994/1682/586
f 990/1662/573 993/1680/585 880/1681/374 868/1654/346
f 2730/1684/587 1774/1685/306 2735/1686/308
f 1773/1687/267 2733/1688/588 2734/1689/268
f 1774/1685/306 2730/1684/587 2733/1688/588 1773/1687/267
f 830/1690/275 1003/1691/274 1005/1692/310 995/1693/309
f 2729/1694/589 2728/1695/590 2739/1696/591
f 2736/1697/592 2731/1698/593 2732/1699/594
f 1007/1700/595 1005/1692/310 1003/1691/274
f 2739/1696/591 2728/1695/590 2741/1701/596 2740/1702/597
f 2740/1702/597 2741/1701/596 2742/1703/598 2738/1704/599
f 2738/1704/599 2742/1703/598 2743/1705/600 2737/1706/601
f 2737/1706/601 2743/1705/600 2731/1698/593 2736/1697/592
f 998/1707/602 1000/1684/603 1004/1686/332 1012/1708/331
f 999/1709/604 1013/1710/292 1002/1689/291 1001/1688/605
f 996/1711/606 2733/1712/588 2730/1713/587 997/1714/606
f 996/1711/606 997/1714/606 1009/1715/606 1008/1716/606
f 1006/1717/606 1008/1716/606 1009/1715/606
f 1010/1718/607 998/1707/602 1012/1708/331 1014/1719/338
f 1011/1720/608 1015/1721/300 1013/1710/292 999/1709/604
f 1007/1700/595 1003/1691/274 1015/1721/300 1011/1720/608
f 1007/1700/595 1010/1718/607 1014/1719/338 1005/1692/310
f 2746/1722/609 1776/1723/415 2645/1724/417
f 1775/1725/304 2749/1726/610 2750/1727/305
f 1776/1723/415 2746/1722/609 2749/1726/610 1775/1725/304
f 1016/1728/312 1024/1729/311 906/1730/419 898/1731/418
f 2745/1732/611 2744/1733/612 2754/1734/613
f 2751/1735/614 2747/1736/615 2748/1737/616
f 1026/1738/617 906/1730/419 1024/1729/311
f 2754/1734/613 2744/1733/612 2756/1739/618 2755/1740/619
f 2755/1740/619 2756/1739/618 2757/1741/620 2753/1742/621
f 2753/1742/621 2757/1741/620 2758/1743/622 2752/1744/623
f 2752/1744/623 2758/1743/622 2747/1736/615 2751/1735/614
f 1019/1745/624 1021/1722/625 905/1724/441 913/1746/440
f 1020/1747/626 1031/1748/329 1023/1727/328 1022/1726/627
f 1017/1749/628 2749/1750/610 2746/1751/609 1018/1752/628
f 1017/1749/628 1018/1752/628 1028/1753/628 1027/1754/628
f 1025/1755/628 1027/1754/628 1028/1753/628
f 1029/1756/629 1019/1745/624 913/1746/440 914/1757/448
f 1030/1758/630 1032/1759/336 1031/1748/329 1020/1747/626
f 1026/1738/617 1024/1729/311 1032/1759/336 1030/1758/630
f 1026/1738/617 1029/1756/629 914/1757/448 906/1730/419
f 2761/1760/631 1784/1761/378 2765/1762/380
f 1783/1763/340 2764/1764/632 2615/1765/341
f 1784/1761/378 2761/1760/631 2764/1764/632 1783/1763/340
f 860/1766/348 870/1767/347 1041/1768/382 1033/1769/381
f 2760/1770/633 2759/1771/634 2769/1772/635
f 2766/1773/636 2762/1774/637 2763/1775/638
f 1043/1776/639 1041/1768/382 870/1767/347
f 2769/1772/635 2759/1771/634 2771/1777/640 2770/1778/641
f 2770/1778/641 2771/1777/640 2772/1779/642 2768/1780/643
f 2768/1780/643 2772/1779/642 2773/1781/644 2767/1782/645
f 2767/1782/645 2773/1781/644 2762/1774/637 2766/1773/636
f 1036/1783/646 1038/1760/647 1040/1762/404 1048/1784/403
f 1037/1785/648 877/1786/365 869/1765/364 1039/1764/649
f 1034/1787/650 2764/1788/632 2761/1789/631 1035/1790/650
f 1034/1787/650 1035/1790/650 1045/1791/650 1044/1792/650
f 1042/1793/650 1044/1792/650 1045/1791/650
f 1046/1794/651 1036/1783/646 1048/1784/403 1049/1795/411
f 1047/1796/652 879/1797/372 877/1786/365 1037/1785/648
f 1043/1776/639 870/1767/347 879/1797/372 1047/1796/652
f 1043/1776/639 1046/1794/651 1049/1795/411 1041/1768/382
f 2776/1798/653 1772/1799/269 2585/1800/271
f 1771/1801/486 2779/1802/654 2780/1803/487
f 1772/1799/269 2776/1798/653 2779/1802/654 1771/1801/486
f 1050/1804/494 941/1805/493 838/1806/273 829/1807/272
f 2775/1808/655 2774/1809/656 2784/1810/657
f 2781/1811/658 2777/1812/659 2778/1813/660
f 1059/1814/661 838/1806/273 941/1805/493
f 2784/1810/657 2774/1809/656 2786/1815/662 2785/1816/663
f 2785/1816/663 2786/1815/662 2787/1817/664 2783/1818/665
f 2783/1818/665 2787/1817/664 2788/1819/666 2782/1820/667
f 2782/1820/667 2788/1819/666 2777/1812/659 2781/1811/658
f 1053/1821/668 1055/1798/669 837/1800/295 845/1822/294
f 1054/1823/670 1064/1824/511 1057/1803/510 1056/1802/671
f 1051/1825/672 2779/1826/654 2776/1827/653 1052/1828/672
f 1051/1825/672 1052/1828/672 1061/1829/672 1060/1830/672
f 1058/1831/672 1060/1830/672 1061/1829/672
f 1062/1832/673 1053/1821/668 845/1822/294 846/1833/302
f 1063/1834/674 1065/1835/518 1064/1824/511 1054/1823/670
f 1059/1814/661 941/1805/493 1065/1835/518 1063/1834/674
f 1059/1814/661 1062/1832/673 846/1833/302 838/1806/273
f 2791/1836/675 1780/1837/233 2796/1838/235
f 1779/1839/450 2794/1840/676 2795/1841/451
f 1780/1837/233 2791/1836/675 2794/1840/676 1779/1839/450
f 916/1842/458 1073/1843/457 820/1844/237 1389/1845/236
f 2790/1846/677 2789/1847/678 2800/1848/679
f 2797/1849/680 2792/1850/681 2793/1851/682
f 1076/1852/683 820/1844/237 1073/1843/457
f 2800/1848/679 2789/1847/678 2802/1853/684 2801/1854/685
f 2801/1854/685 2802/1853/684 2803/1855/686 2799/1856/687
f 2799/1856/687 2803/1855/686 2804/1857/688 2798/1858/689
f 2798/1858/689 2804/1857/688 2792/1850/681 2797/1849/680
f 1068/1859/690 1070/1836/691 1074/1838/259 1081/1860/258
f 1069/1861/692 931/1862/475 1072/1841/474 1071/1840/693
f 1066/1863/694 2794/1864/676 2791/1865/675 1067/1866/694
f 1066/1863/694 1067/1866/694 1078/1867/694 1077/1868/694
f 1075/1869/694 1077/1868/694 1078/1867/694
f 1079/1870/695 1068/1859/690 1081/1860/258 1082/1871/265
f 1080/1872/696 933/1873/482 931/1862/475 1069/1861/692
f 1076/1852/683 1073/1843/457 933/1873/482 1080/1872/696
f 1076/1852/683 1079/1870/695 1082/1871/265 820/1844/237
f 1085/1874/697 1083/1875/698 1090/1876/699 1088/1877/700
f 1087/1878/701 1089/1879/702 1084/1880/703 1086/1881/704
f 1084/1882/703 1091/1883/705 1092/1884/706 1086/1881/704
f 1091/1883/705 1083/1885/698 1085/1874/697 1092/1884/706
f 1091/1883/705 1089/1886/702 1090/1887/699
f 1083/1885/698 1091/1883/705 1090/1887/699
f 1091/1883/705 1084/1882/703 1089/1886/702
f 1092/1884/706 1088/1877/700 1087/1878/701
f 1086/1881/704 1092/1884/706 1087/1878/701
f 1092/1884/706 1085/1874/697 1088/1877/700
f 1095/1888/707 1093/1889/708 1100/1890/709 1098/1891/710
f 1097/1892/711 1099/1893/712 1094/1894/713 1096/1895/714
f 1094/1896/713 1101/1897/715 1102/1898/716 1096/1895/714
f 1101/1897/715 1093/1899/708 1095/1888/707 1102/1898/716
f 1101/1897/715 1099/1900/712 1100/1901/709
f 1093/1899/708 1101/1897/715 1100/1901/709
f 1101/1897/715 1094/1896/713 1099/1900/712
f 1102/1898/716 1098/1891/710 1097/1892/711
f 1096/1895/714 1102/1898/716 1097/1892/711
f 1102/1898/716 1095/1888/707 1098/1891/710
f 1105/1902/717 1103/1903/718 1110/1904/719 1108/1905/720
f 1107/1906/721 1109/1907/722 1104/1908/723 1106/1909/724
f 1104/1910/723 1111/1911/725 1112/1912/726 1106/1909/724
f 1111/1911/725 1103/1913/718 1105/1902/717 1112/1912/726
f 1111/1911/725 1109/1914/722 1110/1915/719
f 1103/1913/718 1111/1911/725 1110/1915/719
f 1111/1911/725 1104/1910/723 1109/1914/722
f 1112/1912/726 1108/1905/720 1107/1906/721
f 1106/1909/724 1112/1912/726 1107/1906/721
f 1112/1912/726 1105/1902/717 1108/1905/720
f 1115/1916/727 1113/1917/728 1120/1918/729 1118/1919/730
f 1117/1920/731 1119/1921/732 1114/1922/733 1116/1923/734
f 1114/1924/733 1121/1925/735 1122/1926/736 1116/1923/734
f 1121/1925/735 1113/1927/728 1115/1916/727 1122/1926/736
f 1121/1925/735 1119/1928/732 1120/1929/729
f 1113/1927/728 1121/1925/735 1120/1929/729
f 1121/1925/735 1114/1924/733 1119/1928/732
f 1122/1926/736 1118/1919/730 1117/1920/731
f 1116/1923/734 1122/1926/736 1117/1920/731
f 1122/1926/736 1115/1916/727 1118/1919/730
f 1125/1930/737 1123/1931/738 1130/1932/739 1128/1933/740
f 1127/1934/741 1129/1935/742 1124/1936/743 1126/1937/744
f 1124/1938/743 1131/1939/745 1132/1940/746 1126/1937/744
f 1131/1939/745 1123/1941/738 1125/1930/737 1132/1940/746
f 1131/1939/745 1129/1942/742 1130/1943/739
f 1123/1941/738 1131/1939/745 1130/1943/739
f 1131/1939/745 1124/1938/743 1129/1942/742
f 1132/1940/746 1128/1933/740 1127/1934/741
f 1126/1937/744 1132/1940/746 1127/1934/741
f 1132/1940/746 1125/1930/737 1128/1933/740
f 1135/1944/747 1133/1945/748 1140/1946/749 1138/1947/750
f 1137/1948/751 1139/1949/752 1134/1950/753 1136/1951/754
f 1134/1952/753 1141/1953/755 1142/1954/756 1136/1951/754
f 1141/1953/755 1133/1955/748 1135/1944/747 1142/1954/756
f 1141/1953/755 1139/1956/752 1140/1957/749
f 1133/1955/748 1141/1953/755 1140/1957/749
f 1141/1953/755 1134/1952/753 1139/1956/752
f 1142/1954/756 1138/1947/750 1137/1948/751
f 1136/1951/754 1142/1954/756 1137/1948/751
f 1142/1954/756 1135/1944/747 1138/1947/750
f 1145/1958/757 1143/1959/758 1150/1960/759 1148/1961/760
f 1147/1962/761 1149/1963/762 1144/1964/763 1146/1965/764
f 1144/1966/763 1151/1967/765 1152/1968/766 1146/1965/764
f 1151/1967/765 1143/1969/758 1145/1958/757 1152/1968/766
f 1151/1967/765 1149/1970/762 1150/1971/759
f 1143/1969/758 1151/1967/765 1150/1971/759
f 1151/1967/765 1144/1966/763 1149/1970/762
f 1152/1968/766 1148/1961/760 1147/1962/761
f 1146/1965/764 1152/1968/766 1147/1962/761
f 1152/1968/766 1145/1958/757 1148/1961/760
f 1155/1972/767 1153/1973/768 1160/1974/769 1158/1975/770
f 1157/1976/771 1159/1977/772 1154/1978/773 1156/1979/774
f 1154/1980/773 1161/1981/775 1162/1982/776 1156/1979/774
f 1161/1981/775 1153/1983/768 1155/1972/767 1162/1982/776
f 1161/1981/775 1159/1984/772 1160/1985/769
f 1153/1983/768 1161/1981/775 1160/1985/769
f 1161/1981/775 1154/1980/773 1159/1984/772
f 1162/1982/776 1158/1975/770 1157/1976/771
f 1156/1979/774 1162/1982/776 1157/1976/771
f 1162/1982/776 1155/1972/767 1158/1975/770
f 1165/1986/777 1163/1987/778 1170/1988/779 1168/1989/780
f 1167/1990/781 1169/1991/782 1164/1992/783 1166/1993/784
f 1164/1994/783 1171/1995/785 1172/1996/786 1166/1993/784
f 1171/1995/785 1163/1997/778 1165/1986/777 1172/1996/786
f 1171/1995/785 1169/1998/782 1170/1999/779
f 1163/1997/778 1171/1995/785 1170/1999/779
f 1171/1995/785 1164/1994/783 1169/1998/782
f 1172/1996/786 1168/1989/780 1167/1990/781
f 1166/1993/784 1172/1996/786 1167/1990/781
f 1172/1996/786 1165/1986/777 1168/1989/780
f 1175/2000/787 1173/2001/788 1180/2002/789 1178/2003/790
f 1177/2004/791 1179/2005/792 1174/2006/793 1176/2007/794
f 1174/2008/793 1181/2009/795 1182/2010/796 1176/2007/794
f 1181/2009/795 1173/2011/788 1175/2000/787 1182/2010/796
f 1181/2009/795 1179/2012/792 1180/2013/789
f 1173/2011/788 1181/2009/795 1180/2013/789
f 1181/2009/795 1174/2008/793 1179/2012/792
f 1182/2010/796 1178/2003/790 1177/2004/791
f 1176/2007/794 1182/2010/796 1177/2004/791
f 1182/2010/796 1175/2000/787 1178/2003/790
f 1185/2014/797 1183/2015/798 1190/2016/799 1188/2017/800
f 1187/2018/801 1189/2019/802 1184/2020/803 1186/2021/804
f 1184/2022/803 1191/2023/805 1192/2024/806 1186/2021/804
f 1191/2023/805 1183/2025/798 1185/2014/797 1192/2024/806
f 1191/2023/805 1189/2026/802 1190/2027/799
f 1183/2025/798 1191/2023/805 1190/2027/799
f 1191/2023/805 1184/2022/803 1189/2026/802
f 1192/2024/806 1188/2017/800 1187/2018/801
f 1186/2021/804 1192/2024/806 1187/2018/801
f 1192/2024/806 1185/2014/797 1188/2017/800
f 1195/2028/807 1193/2029/808 1200/2030/809 1198/2031/810
f 1197/2032/811 1199/2033/812 1194/2034/813 1196/2035/814
f 1194/2036/813 1201/2037/815 1202/2038/816 1196/2035/814
f 1201/2037/815 1193/2039/808 1195/2028/807 1202/2038/816
f 1201/2037/815 1199/2040/812 1200/2041/809
f 1193/2039/808 1201/2037/815 1200/2041/809
f 1201/2037/815 1194/2036/813 1199/2040/812
f 1202/2038/816 1198/2031/810 1197/2032/811
f 1196/2035/814 1202/2038/816 1197/2032/811
f 1202/2038/816 1195/2028/807 1198/2031/810
f 1205/2042/817 1203/2043/818 1210/2044/819 1208/2045/820
f 1207/2046/821 1209/2047/822 1204/2048/823 1206/2049/824
f 1204/2050/823 1211/2051/825 1212/2052/826 1206/2049/824
f 1211/2051/825 1203/2053/818 1205/2042/817 1212/2052/826
f 1211/2051/825 1209/2054/822 1210/2055/819
f 1203/2053/818 1211/2051/825 1210/2055/819
f 1211/2051/825 1204/2050/823 1209/2054/822
f 1212/2052/826 1208/2045/820 1207/2046/821
f 1206/2049/824 1212/2052/826 1207/2046/821
f 1212/2052/826 1205/2042/817 1208/2045/820
f 1215/2056/827 1213/2057/828 1220/2058/829 1218/2059/830
f 1217/2060/831 1219/2061/832 1214/2062/833 1216/2063/834
f 1214/2064/833 1221/2065/835 1222/2066/836 1216/2063/834
f 1221/2065/835 1213/2067/828 1215/2056/827 1222/2066/836
f 1221/2065/835 1219/2068/832 1220/2069/829
f 1213/2067/828 1221/2065/835 1220/2069/829
f 1221/2065/835 1214/2064/833 1219/2068/832
f 1222/2066/836 1218/2059/830 1217/2060/831
f 1216/2063/834 1222/2066/836 1217/2060/831
f 1222/2066/836 1215/2056/827 1218/2059/830
f 1225/2070/837 1223/2071/838 1230/2072/839 1228/2073/840
f 1227/2074/841 1229/2075/842 1224/2076/843 1226/2077/844
f 1224/2078/843 1231/2079/845 1232/2080/846 1226/2077/844
f 1231/2079/845 1223/2081/838 1225/2070/837 1232/2080/846
f 1231/2079/845 1229/2082/842 1230/2083/839
f 1223/2081/838 1231/2079/845 1230/2083/839
f 1231/2079/845 1224/2078/843 1229/2082/842
f 1232/2080/846 1228/2073/840 1227/2074/841
f 1226/2077/844 1232/2080/846 1227/2074/841
f 1232/2080/846 1225/2070/837 1228/2073/840
f 1235/2084/847 1233/2085/848 1240/2086/849 1238/2087/850
f 1237/2088/851 1239/2089/852 1234/2090/853 1236/2091/854
f 1234/2092/853 1241/2093/855 1242/2094/856 1236/2091/854
f 1241/2093/855 1233/2095/848 1235/2084/847 1242/2094/856
f 1241/2093/855 1239/2096/852 1240/2097/849
f 1233/2095/848 1241/2093/855 1240/2097/849
f 1241/2093/855 1234/2092/853 1239/2096/852
f 1242/2094/856 1238/2087/850 1237/2088/851
f 1236/2091/854 1242/2094/856 1237/2088/851
f 1242/2094/856 1235/2084/847 1238/2087/850
f 1243/2098/857 1260/2099/858 1247/2100/859
f 1254/2101/860 1243/2098/857 1249/2102/861
f 1243/2098/857 1254/2101/860 1260/2099/858
f 1244/2103/857 1255/2104/862 1250/2105/859
f 1248/2106/861 1261/2107/863 1244/2103/857
f 1244/2103/857 1261/2107/863 1255/2104/862
f 1245/2108/864 1261/2107/863 1248/2106/861
f 1247/2100/859 1260/2099/858 1245/2108/864
f 1245/2108/864 1260/2099/858 1261/2107/863
f 1246/2109/864 1254/2101/860 1249/2102/861
f 1250/2105/859 1255/2104/862 1246/2109/864
f 1246/2109/864 1255/2104/862 1254/2101/860
f 1/2110/865 1256/2111/866 1262/2112/867 3/2113/865
f 1257/2114/868 2808/2115/865 2806/2116/865 1263/2117/869
f 1264/2118/870 1988/2119/871 3061/2120/871 1258/2121/872
f 4/2122/871 1265/2123/873 1259/2124/874 2/2125/871
f 1265/2123/873 4/2122/871 1988/2119/871 1264/2118/870
f 1263/2117/869 2806/2116/865 3/2113/865 1262/2112/867
f 1258/2121/872 3061/2120/871 2/2125/871 1259/2124/874
f 1256/2111/866 1/2110/865 2808/2115/865 1257/2114/868
f 1266/2126/875 1284/2127/876 1270/2128/877
f 1278/2129/878 1266/2126/875 1272/2130/879
f 1266/2126/875 1278/2129/878 1284/2127/876
f 1267/2131/875 1279/2132/880 1273/2133/877
f 1271/2134/879 1285/2135/881 1267/2131/875
f 1267/2131/875 1285/2135/881 1279/2132/880
f 1268/2136/882 1285/2135/881 1271/2134/879
f 1270/2128/877 1284/2127/876 1268/2136/882
f 1268/2136/882 1284/2127/876 1285/2135/881
f 1269/2137/882 1278/2129/878 1272/2130/879
f 1273/2133/877 1279/2132/880 1269/2137/882
f 1269/2137/882 1279/2132/880 1278/2129/878
f 1286/2138/883 2810/2139/884 2812/2140/884 1280/2141/885
f 1281/2142/886 46/2143/884 49/2144/884 1287/2145/887
f 1288/2146/888 2814/2147/889 2038/2148/889 1282/2149/890
f 2815/2150/889 1289/2151/891 1283/2152/892 2036/2153/889
f 1289/2151/891 2815/2150/889 2814/2147/889 1288/2146/888
f 1287/2145/887 49/2144/884 2810/2139/884 1286/2138/883
f 1282/2149/890 2038/2148/889 2036/2153/889 1283/2152/892
f 1280/2141/885 2812/2140/884 46/2143/884 1281/2142/886
f 1290/2154/893 1636/2155/894 1294/2156/895
f 1648/2157/896 1290/2154/893 1296/2158/897
f 1290/2154/893 1648/2157/896 1636/2155/894
f 1291/2159/898 1649/2160/899 1297/2161/900
f 1295/2162/901 1637/2163/902 1291/2159/898
f 1291/2159/898 1637/2163/902 1649/2160/899
f 1292/2164/903 1637/2163/902 1295/2162/901
f 1294/2156/895 1636/2155/894 1292/2164/903
f 1292/2164/903 1636/2155/894 1637/2163/902
f 1293/2165/904 1648/2157/896 1296/2158/897
f 1297/2161/900 1649/2160/899 1293/2165/904
f 1293/2165/904 1649/2160/899 1648/2157/896
f 1638/2166/905 2086/2167/906 2818/2168/907 1650/2169/908
f 1651/2170/909 2820/2171/910 2084/2172/911 1639/2173/912
f 1640/2174/913 3059/2175/914 2096/2176/915 1652/2177/916
f 2106/2178/917 1641/2179/918 1653/2180/919 3057/2181/920
f 1641/2179/918 2106/2178/917 3059/2175/914 1640/2174/913
f 1639/2173/912 2084/2172/911 2086/2167/906 1638/2166/905
f 1652/2177/916 2096/2176/915 3057/2181/920 1653/2180/919
f 1650/2169/908 2818/2168/907 2820/2171/910 1651/2170/909
f 1302/2182/921 1630/2183/922 1306/2184/923
f 1627/2185/924 1302/2182/921 1308/2186/925
f 1302/2182/921 1627/2185/924 1630/2183/922
f 1303/2187/921 1313/2188/926 1309/2189/923
f 1307/2190/927 1631/2191/928 1303/2187/921
f 1303/2187/921 1631/2191/928 1313/2188/926
f 1304/2192/929 1631/2191/928 1307/2190/927
f 1306/2184/923 1630/2183/922 1304/2192/929
f 1304/2192/929 1630/2183/922 1631/2191/928
f 1305/2193/929 1627/2185/924 1308/2186/925
f 1309/2189/923 1313/2188/926 1305/2193/929
f 1305/2193/929 1313/2188/926 1627/2185/924
f 1316/2194/930 3053/2195/931 2134/2196/931 1314/2197/932
f 1628/2198/933 134/2199/934 137/2200/934 1632/2201/935
f 1317/2202/936 3055/2203/931 2146/2204/931 1629/2205/937
f 2156/2206/934 1318/2207/938 1315/2208/939 3051/2209/934
f 1318/2207/938 2156/2206/934 3055/2203/931 1317/2202/936
f 1632/2201/935 137/2200/934 3053/2195/931 1316/2194/930
f 1629/2205/937 2146/2204/931 3051/2209/934 1315/2208/939
f 1314/2197/932 2134/2196/931 134/2199/934 1628/2198/933
f 1769/2210/940 1542/2211/941 1325/2212/942
f 1325/2212/942 1321/2213/943 1769/2210/940
f 1324/2214/944 1539/2215/945 1326/2216/946
f 1326/2216/946 1319/2217/947 1324/2214/944
f 1769/2210/940 1320/2218/948 1326/2216/946
f 1769/2210/940 1321/2213/943 1320/2218/948
f 1320/2218/948 1319/2217/947 1326/2216/946
f 1323/2219/949 1322/2220/95 660/2221/94 1541/2222/950
f 1324/2214/944 1323/2219/949 1540/2223/951 1539/2215/945
f 1542/2211/941 1543/2224/952 1541/2222/950 1325/2212/942
f 1336/2225/953 1338/2226/954 1333/2227/955
f 1333/2227/955 1329/2228/956 1336/2225/953
f 1332/2229/957 1337/2230/958 1334/2231/959
f 1334/2231/959 1327/2232/960 1332/2229/957
f 1336/2225/953 1328/2233/961 1334/2231/959
f 1336/2225/953 1329/2228/956 1328/2233/961
f 1328/2233/961 1327/2232/960 1334/2231/959
f 1331/2234/962 1330/2235/134 699/2236/133 1335/2237/963
f 1332/2229/957 1331/2234/962 1339/2238/964 1337/2230/958
f 1338/2226/954 1340/2239/965 1335/2237/963 1333/2227/955
f 1351/2240/966 1353/2241/967 1348/2242/968
f 1348/2242/968 1343/2243/969 1351/2240/966
f 1347/2244/970 1352/2245/971 1350/2246/972
f 1350/2246/972 1341/2247/973 1347/2244/970
f 1351/2240/966 1342/2248/974 1350/2246/972
f 1351/2240/966 1343/2243/969 1342/2248/974
f 1342/2248/974 1341/2247/973 1350/2246/972
f 1349/2249/975 1344/2250/172 1345/2251/171 1346/2252/976
f 1347/2244/970 1349/2249/975 1354/2253/977 1352/2245/971
f 1353/2241/967 1355/2254/978 1346/2252/976 1348/2242/968
f 1770/2255/979 1365/2256/980 1362/2257/981
f 1362/2257/981 1358/2258/982 1770/2255/979
f 1361/2259/983 1768/2260/984 1364/2261/985
f 1364/2261/985 1356/2262/986 1361/2259/983
f 1770/2255/979 1357/2263/987 1364/2261/985
f 1770/2255/979 1358/2258/982 1357/2263/987
f 1357/2263/987 1356/2262/986 1364/2261/985
f 1363/2264/988 777/2265/202 1359/2266/201 1360/2267/989
f 1361/2259/983 1363/2264/988 1366/2268/990 1768/2260/984
f 1365/2256/980 1367/2269/991 1360/2267/989 1362/2257/981
f 1369/2270/992 1368/2271/993 1397/2272/993 1396/2273/992
f 1369/2270/992 1396/2273/992 1398/2274/994 1370/2275/994
f 1371/2276/995 1370/2275/994 1398/2274/994 1399/2277/995
f 1371/2276/995 1399/2277/995 1400/2278/996 1372/2279/996
f 1372/2279/996 1400/2278/996 1401/2280/997 1545/2281/998
f 1545/2281/998 1401/2280/997 2968/2282/999 1373/2283/999
f 1374/2284/1000 2821/2285/1000 1403/2286/1001 1375/2287/1002
f 1375/2287/1002 1403/2286/1001 1404/2288/1003 1376/2289/1003
f 1376/2289/1003 1404/2288/1003 1405/2290/1004 1377/2291/1004
f 1378/2292/1005 1377/2291/1004 1405/2290/1004 1406/2293/1005
f 1378/2292/1005 1406/2293/1005 1407/2294/1006 1379/2295/1006
f 1379/2295/1006 1407/2294/1006 1408/2296/1007 1380/2297/1007
f 1381/2298/1008 1380/2297/1007 1408/2296/1007 1409/2299/1008
f 1381/2298/1008 1409/2299/1008 1410/2300/1009 1382/2301/1009
f 1368/2271/993 1382/2301/1009 1410/2300/1009 1397/2272/993
f 1396/2273/992 1397/2272/993 2827/2302/993 2826/2303/992
f 1396/2273/992 2826/2303/992 2828/2304/994 1398/2274/994
f 1399/2277/995 1398/2274/994 2828/2304/994 2829/2305/995
f 1399/2277/995 2829/2305/995 2830/2306/996 1400/2278/996
f 1400/2278/996 2830/2306/996 2831/2307/997 1401/2280/997
f 1401/2280/997 2831/2307/997 2832/2308/999 2968/2282/999
f 2821/2285/1000 2824/2309/1000 2834/2310/1010 1403/2286/1001
f 1403/2286/1001 2834/2310/1010 2835/2311/1011 1404/2288/1003
f 1404/2288/1003 2835/2311/1011 2836/2312/1004 1405/2290/1004
f 1406/2293/1005 1405/2290/1004 2836/2312/1004 2837/2313/1005
f 1406/2293/1005 2837/2313/1005 2838/2314/1006 1407/2294/1006
f 1407/2294/1006 2838/2314/1006 2839/2315/1007 1408/2296/1007
f 1409/2299/1008 1408/2296/1007 2839/2315/1007 2840/2316/1008
f 1409/2299/1008 2840/2316/1008 2841/2317/1009 1410/2300/1009
f 1397/2272/993 1410/2300/1009 2841/2317/1009 2827/2302/993
f 1411/2303/1012 1412/2302/1013 2847/2318/1013 2846/2319/1012
f 1411/2303/1012 2846/2319/1012 2848/2320/1014 1413/2304/1014
f 1414/2305/1015 1413/2304/1014 2848/2320/1014 2849/2321/1015
f 1414/2305/1015 2849/2321/1015 2850/2322/1016 1415/2306/1016
f 1415/2306/1016 2850/2322/1016 2851/2323/1017 1416/2307/1017
f 1416/2307/1017 2851/2323/1017 2842/2324/1018 2833/2308/1018
f 2825/2309/3 2844/2325/3 2852/2326/1019 1419/2310/1019
f 1419/2310/1019 2852/2326/1019 2853/2327/1020 1420/2311/1020
f 1420/2311/1020 2853/2327/1020 2854/2328/1021 1421/2312/1021
f 1422/2313/1022 1421/2312/1021 2854/2328/1021 2855/2329/1022
f 1422/2313/1022 2855/2329/1022 2856/2330/1023 1423/2314/1023
f 1423/2314/1023 2856/2330/1023 2857/2331/1024 1424/2315/1024
f 1425/2316/1025 1424/2315/1024 2857/2331/1024 2858/2332/1025
f 1425/2316/1025 2858/2332/1025 2859/2333/1026 1426/2317/1026
f 1412/2302/1013 1426/2317/1026 2859/2333/1026 2847/2318/1013
f 1383/2334/491 2860/2335/4 2861/2336/4 1384/2337/4
f 1385/2338/4 1384/2337/4 2861/2336/4 2862/2339/4
f 1385/2338/4 2862/2339/4 2863/2340/4 1386/2341/4
f 1387/2342/4 1386/2341/4 2863/2340/4 2864/2343/4
f 1388/2344/239 1387/2342/4 2864/2343/4 2865/2345/4
f 1389/2346/236 1388/2344/239 2865/2345/4 2866/2347/4
f 1389/2348/236 2866/2349/4 2867/2350/4 1390/2351/4
f 1391/2352/4 1390/2351/4 2867/2350/4 2868/2353/4
f 964/2354/421 1391/2352/4 2868/2353/4 2869/2355/4
f 1392/2356/4 964/2354/421 2869/2355/4 2870/2357/4
f 1392/2356/4 2870/2357/4 2871/2358/4 1393/2359/4
f 995/2360/309 1393/2359/4 2871/2358/4 2872/2361/4
f 1394/2362/4 995/2360/309 2872/2361/4 2873/2363/4
f 1394/2362/4 2873/2363/4 2874/2364/4 1395/2365/4
f 1050/2366/494 1395/2365/4 2874/2364/4 2875/2367/4
f 1050/2366/494 2875/2367/4 2860/2335/4 1383/2334/491
f 1443/2335/1027 2876/2368/1027 2877/2369/1028 1444/2336/1028
f 1445/2339/1029 1444/2336/1028 2877/2369/1028 2878/2370/1029
f 1445/2339/1029 2878/2370/1029 2879/2371/1030 1446/2340/1030
f 1447/2343/1031 1446/2340/1030 2879/2371/1030 2880/2372/1031
f 1448/2345/1032 1447/2343/1031 2880/2372/1031 2881/2373/1032
f 1449/2347/1033 1448/2345/1032 2881/2373/1032 2882/2374/1033
f 1449/2349/1033 2882/2375/1033 2883/2376/1034 1450/2350/1034
f 1451/2353/1035 1450/2350/1034 2883/2376/1034 2884/2377/1035
f 1452/2355/1036 1451/2353/1035 2884/2377/1035 2885/2378/1036
f 1453/2357/1037 1452/2355/1036 2885/2378/1036 2886/2379/1037
f 1453/2357/1037 2886/2379/1037 2887/2380/1038 1454/2358/1038
f 1455/2361/1039 1454/2358/1038 2887/2380/1038 2888/2381/1039
f 1456/2363/1040 1455/2361/1039 2888/2381/1039 2889/2382/1040
f 1456/2363/1040 2889/2382/1040 2890/2383/1041 1457/2364/1041
f 1458/2367/1042 1457/2364/1041 2890/2383/1041 2891/2384/1042
f 1458/2367/1042 2891/2384/1042 2876/2368/1027 1443/2335/1027
f 1459/2368/1043 2892/2385/1043 2893/2386/1044 1460/2369/1044
f 1461/2370/1045 1460/2369/1044 2893/2386/1044 2894/2387/1045
f 1461/2370/1045 2894/2387/1045 2895/2388/1046 1462/2371/1046
f 1463/2372/1047 1462/2371/1046 2895/2388/1046 2896/2389/1047
f 1464/2373/1048 1463/2372/1047 2896/2389/1047 2897/2390/1048
f 1465/2374/1049 1464/2373/1048 2897/2390/1048 2898/2391/1049
f 1465/2375/1049 2898/2392/1049 2899/2393/1050 1466/2376/1050
f 1467/2377/1051 1466/2376/1050 2899/2393/1050 2900/2394/1051
f 1468/2378/1052 1467/2377/1051 2900/2394/1051 2901/2395/1052
f 1469/2379/1053 1468/2378/1052 2901/2395/1052 2902/2396/1053
f 1469/2379/1053 2902/2396/1053 2903/2397/1054 1470/2380/1054
f 1471/2381/1055 1470/2380/1054 2903/2397/1054 2904/2398/1055
f 1472/2382/1056 1471/2381/1055 2904/2398/1055 2905/2399/1056
f 1472/2382/1056 2905/2399/1056 2906/2400/1057 1473/2383/1057
f 1474/2384/1058 1473/2383/1057 2906/2400/1057 2907/2401/1058
f 1474/2384/1058 2907/2401/1058 2892/2385/1043 1459/2368/1043
f 1475/2385/1027 2909/2402/1027 2908/2403/1028 1476/2386/1028
f 1477/2387/1029 1476/2386/1028 2908/2403/1028 2910/2404/1029
f 1477/2387/1029 2910/2404/1029 2911/2405/1030 1478/2388/1030
f 1479/2389/1059 1478/2388/1030 2911/2405/1030 2912/2406/1059
f 1480/2390/1032 1479/2389/1059 2912/2406/1059 2913/2407/1032
f 1481/2391/1033 1480/2390/1032 2913/2407/1032 2914/2408/1033
f 1481/2392/1033 2914/2409/1033 2915/2410/1034 1482/2393/1034
f 1483/2394/1060 1482/2393/1034 2915/2410/1034 2916/2411/1060
f 1484/2395/1036 1483/2394/1060 2916/2411/1060 2917/2412/1036
f 1485/2396/1037 1484/2395/1036 2917/2412/1036 2918/2413/1037
f 1485/2396/1037 2918/2413/1037 2919/2414/1038 1486/2397/1038
f 1487/2398/1039 1486/2397/1038 2919/2414/1038 2920/2415/1039
f 1488/2399/1040 1487/2398/1039 2920/2415/1039 2921/2416/1040
f 1488/2399/1040 2921/2416/1040 2922/2417/1041 1489/2400/1041
f 1490/2401/1042 1489/2400/1041 2922/2417/1041 2923/2418/1042
f 1490/2401/1042 2923/2418/1042 2909/2402/1027 1475/2385/1027
f 1492/2402/1061 2925/2419/1061 2924/2420/1062 1491/2403/1062
f 1493/2404/1063 1491/2403/1062 2924/2420/1062 2926/2421/1063
f 1493/2404/1063 2926/2421/1063 2927/2422/1064 1494/2405/1064
f 1495/2406/1065 1494/2405/1064 2927/2422/1064 2928/2423/1065
f 1496/2407/1066 1495/2406/1065 2928/2423/1065 2929/2424/1066
f 1497/2408/1067 1496/2407/1066 2929/2424/1066 2930/2425/1067
f 1497/2409/1067 2930/2426/1067 2931/2427/1068 1498/2410/1068
f 1499/2411/1069 1498/2410/1068 2931/2427/1068 2932/2428/1069
f 1500/2412/1070 1499/2411/1069 2932/2428/1069 2933/2429/1070
f 1501/2413/1071 1500/2412/1070 2933/2429/1070 2934/2430/1071
f 1501/2413/1071 2934/2430/1071 2935/2431/1072 1502/2414/1072
f 1503/2415/1073 1502/2414/1072 2935/2431/1072 2936/2432/1073
f 1504/2416/1074 1503/2415/1073 2936/2432/1073 2937/2433/1074
f 1504/2416/1074 2937/2433/1074 2938/2434/1075 1505/2417/1075
f 1506/2418/1076 1505/2417/1075 2938/2434/1075 2939/2435/1076
f 1506/2418/1076 2939/2435/1076 2925/2419/1061 1492/2402/1061
f 1508/2436/1035 2941/2437/1035 2940/2438/1036 1507/2439/1036
f 1509/2440/1037 1507/2439/1036 2940/2438/1036 2942/2441/1037
f 1509/2440/1037 2942/2441/1037 2943/2442/1038 1510/2443/1038
f 1511/2444/1039 1510/2443/1038 2943/2442/1038 2944/2445/1039
f 1512/2446/1040 1511/2444/1039 2944/2445/1039 2945/2447/1040
f 1513/2448/1041 1512/2446/1040 2945/2447/1040 2946/2449/1041
f 1513/2450/1041 2946/2451/1041 2947/2452/1042 1514/2453/1042
f 1515/2454/1027 1514/2453/1042 2947/2452/1042 2948/2455/1027
f 1516/2456/1028 1515/2454/1027 2948/2455/1027 2949/2457/1028
f 1517/2458/1029 1516/2456/1028 2949/2457/1028 2950/2459/1029
f 1517/2458/1029 2950/2459/1029 2951/2460/1030 1518/2461/1030
f 1519/2462/1059 1518/2461/1030 2951/2460/1030 2952/2463/1059
f 1520/2464/1032 1519/2462/1059 2952/2463/1059 2953/2465/1032
f 1520/2464/1032 2953/2465/1032 2954/2466/1033 1521/2467/1033
f 1522/2468/1034 1521/2467/1033 2954/2466/1033 2955/2469/1034
f 1522/2468/1034 2955/2469/1034 2941/2437/1035 1508/2436/1035
f 1537/2470/3 1536/2471/3 1524/2472/3 1538/2473/3
f 1536/2471/3 1535/2474/3 1523/2475/3 1524/2472/3
f 1535/2474/3 1534/2476/3 1525/2477/3 1523/2475/3
f 1534/2476/3 1533/2478/3 1526/2479/3 1525/2477/3
f 1533/2478/3 1532/2480/3 1527/2481/3 1526/2479/3
f 1532/2480/3 1531/2482/3 1528/2483/3 1527/2481/3
f 1531/2482/3 1530/2484/3 1529/2485/3 1528/2483/3
f 1540/2223/951 1340/2239/965 1338/2226/954 1539/2215/945
f 1543/2224/952 1542/2211/941 1768/2260/984 1366/2268/990
f 1367/2269/991 1365/2256/980 1352/2245/971 1354/2253/977
f 1353/2241/967 1337/2486/958 1339/2487/964
f 2967/2488/1077 2986/2489/3 2983/2490/3 2823/2491/1077
f 1402/2491/1078 2982/2490/1079 1434/2492/1080 1418/2493/1078
f 1544/2488/1081 1417/2494/1081 1433/2495/1082 2985/2489/1083
f 1545/2496/998 2958/2497/1084 2956/2498/1085 1554/2499/1086
f 2960/2500/1087 1375/2501/1002 1555/2502/1088 2961/2503/1089
f 1554/2499/1086 2956/2498/1085 2957/2504/1090 1556/2505/1090
f 1556/2505/1090 2957/2504/1090 2959/2506/1091 1557/2507/1091
f 1557/2507/1091 2959/2506/1091 2961/2503/1089 1555/2502/1088
f 1558/2508/1092 2962/2509/1093 2963/2510/1094 1559/2511/1095
f 1564/2512/1096 2964/2513/1097 2965/2514/1098 1565/2515/1099
f 1548/2516/1100 2966/2488/1101 2969/2517/1102 1567/2518/1103
f 2822/2491/1104 1547/2519/1105 1566/2520/1106 2970/2521/1107
f 2967/2488/1077 2823/2491/1077 1569/2521/1108 1568/2517/1108
f 1567/2518/1103 2969/2517/1102 2970/2521/1107 1566/2520/1106
f 2971/2522/1109 2964/2513/1097 1564/2512/1096 1574/2523/1110
f 2965/2514/1098 2972/2524/1111 1575/2525/1112 1565/2515/1099
f 2975/2526/1113 2962/2509/1093 1558/2508/1092 1578/2527/1114
f 2963/2510/1094 2978/2528/1115 1579/2529/1116 1559/2511/1095
f 2973/2530/1117 2971/2522/1109 1574/2523/1110 1585/2531/1118
f 2976/2532/1119 2975/2526/1113 1578/2527/1114 1584/2533/1120
f 2977/2534/1121 1582/2535/1122 1579/2529/1116 2978/2528/1115
f 2974/2536/1123 1583/2537/1124 1575/2525/1112 2972/2524/1111
f 1428/2538/1125 1599/2539/1126 1598/2540/1127 1427/2541/1128
f 1427/2541/1128 1598/2540/1127 1600/2542/1129 1429/2543/1130
f 1429/2543/1130 1600/2542/1129 1601/2544/1131 1430/2545/1132
f 1430/2545/1132 1601/2544/1131 1586/2546/1133 1431/2547/1134
f 1431/2547/1134 1586/2546/1133 1602/2548/1135 1432/2549/1136
f 1432/2549/1136 1602/2548/1135 2979/2550/1137 2843/2551/1138
f 2845/2552/1139 2980/2553/1140 1589/2554/1141 1435/2555/1142
f 1435/2555/1142 1589/2554/1141 1605/2556/1143 1436/2557/1144
f 1436/2557/1144 1605/2556/1143 1590/2558/1145 1437/2559/1146
f 1437/2559/1146 1590/2558/1145 1606/2560/1147 1438/2561/1148
f 1438/2561/1148 1606/2560/1147 1591/2562/1149 1439/2563/1150
f 1439/2563/1150 1591/2562/1149 1592/2564/1151 1440/2565/1152
f 1440/2566/1152 1592/2567/1151 1607/2568/1153 1441/2569/1154
f 1441/2569/1154 1607/2568/1153 1593/2570/1155 1442/2571/1156
f 1442/2571/1156 1593/2570/1155 1599/2539/1126 1428/2538/1125
f 1588/2572/1157 1434/2492/1080 2982/2490/1079 2981/2573/1158
f 1433/2495/1082 1587/2574/1159 1594/2575/1160 2985/2489/1083
f 1597/2489/1161 2984/2575/1162 1595/2573/1162 1596/2490/1161
f 1602/2548/1135 1603/2576/1163 2979/2550/1137
f 2980/2553/1140 1604/2577/1164 1589/2554/1141
f 1588/2572/1157 2981/2573/1158 2987/2578/1165 2988/2579/1165
f 2988/2579/1165 2987/2578/1165 2989/2580/1166 2990/2581/1166
f 2990/2581/1166 2989/2580/1166 2991/2582/1167 2992/2583/1167
f 2992/2583/1167 2991/2582/1167 2993/2584/1168 2994/2585/1168
f 2994/2585/1168 2993/2584/1168 2995/2586/1169 2996/2587/1170
f 2996/2587/1170 2995/2586/1169 1594/2575/1160 1587/2574/1159
f 1595/2573/1162 2984/2575/1162 1617/2586/1171 1609/2578/1171
f 1609/2578/1171 1617/2586/1171 1615/2584/42 1611/2580/42
f 1611/2580/42 1615/2584/42 1613/2582/42
f 2979/2550/1137 1603/2576/1163 1616/2588/1172
f 2980/2553/1140 1608/2589/1173 1604/2577/1164
f 1604/2577/1164 1608/2589/1173 1610/2590/1174
f 1603/2576/1163 1614/2591/1175 1616/2588/1172
f 1603/2576/1163 1612/2592/1176 1614/2591/1175
f 1604/2577/1164 1610/2590/1174 1612/2592/1176
f 1603/2576/1163 1604/2577/1164 1612/2592/1176
f 1599/2539/1126 1623/2593/1177 1620/2594/1178 1598/2540/1127
f 1598/2540/1127 1620/2594/1178 1259/2124/874 1600/2542/1129
f 1600/2542/1129 1259/2124/874 1265/2123/873 1601/2544/1131
f 1601/2544/1131 1265/2123/873 1659/2595/1179 1586/2546/1133
f 1586/2546/1133 1659/2595/1179 1626/2596/1180 1602/2548/1135
f 1602/2548/1135 1626/2596/1180 1315/2208/939 1603/2576/1163
f 1603/2576/1163 1315/2208/939 1318/2207/938 1604/2577/1164
f 1604/2577/1164 1318/2207/938 1656/2597/1181 1589/2554/1141
f 1589/2554/1141 1656/2597/1181 1635/2598/1182 1605/2556/1143
f 1605/2556/1143 1635/2598/1182 1653/2180/919 1590/2558/1145
f 1590/2558/1145 1653/2180/919 1641/2179/918 1606/2560/1147
f 1606/2560/1147 1641/2179/918 1647/2599/1183 1591/2562/1149
f 1591/2562/1149 1647/2599/1183 1644/2600/1184 1592/2564/1151
f 1592/2567/1151 1644/2601/1184 1283/2152/892 1607/2568/1153
f 1607/2568/1153 1283/2152/892 1289/2151/891 1593/2570/1155
f 1593/2570/1155 1289/2151/891 1623/2593/1177 1599/2539/1126
f 1623/2593/1177 1622/2602/1185 1619/2603/1186 1620/2594/1178
f 1622/2602/1185 1621/2604/1187 1618/2605/1188 1619/2603/1186
f 1621/2604/1187 1340/2239/965 1540/2223/951 1618/2605/1188
f 1620/2594/1178 1258/2121/872 1259/2124/874
f 1620/2594/1178 1619/2603/1186 1257/2114/868 1258/2121/872
f 1619/2603/1186 1256/2111/866 1257/2114/868
f 1619/2603/1186 1618/2605/1188 1255/2104/862 1256/2111/866
f 1618/2605/1188 1254/2101/860 1255/2104/862
f 1618/2605/1188 1540/2223/951 1323/2219/949 1254/2101/860
f 1258/2121/872 1257/2114/868 1263/2117/869 1264/2118/870
f 1256/2111/866 1255/2104/862 1261/2107/863 1262/2112/867
f 1254/2101/860 1323/2219/949 1541/2222/950 1260/2099/858
f 1265/2123/873 1264/2118/870 1659/2595/1179
f 1264/2118/870 1263/2117/869 1658/2606/1189 1659/2595/1179
f 1263/2117/869 1262/2112/867 1658/2606/1189
f 1262/2112/867 1261/2107/863 1657/2607/1190 1658/2606/1189
f 1261/2107/863 1260/2099/858 1657/2607/1190
f 1260/2099/858 1541/2222/950 1543/2224/952 1657/2607/1190
f 1659/2595/1179 1658/2606/1189 1625/2608/1191 1626/2596/1180
f 1658/2606/1189 1657/2607/1190 1624/2609/1192 1625/2608/1191
f 1657/2607/1190 1543/2224/952 1366/2268/990 1624/2609/1192
f 1626/2596/1180 1629/2205/937 1315/2208/939
f 1626/2596/1180 1625/2608/1191 1628/2198/933 1629/2205/937
f 1625/2608/1191 1314/2197/932 1628/2198/933
f 1625/2608/1191 1624/2609/1192 1313/2188/926 1314/2197/932
f 1624/2609/1192 1627/2185/924 1313/2188/926
f 1624/2609/1192 1366/2268/990 1363/2264/988 1627/2185/924
f 1629/2205/937 1628/2198/933 1632/2201/935 1317/2202/936
f 1314/2197/932 1313/2188/926 1631/2191/928 1316/2194/930
f 1627/2185/924 1363/2264/988 1360/2267/989 1630/2183/922
f 1318/2207/938 1317/2202/936 1656/2597/1181
f 1317/2202/936 1632/2201/935 1655/2610/1193 1656/2597/1181
f 1632/2201/935 1316/2194/930 1655/2610/1193
f 1316/2194/930 1631/2191/928 1654/2611/1194 1655/2610/1193
f 1631/2191/928 1630/2183/922 1654/2611/1194
f 1630/2183/922 1360/2267/989 1367/2269/991 1654/2611/1194
f 1656/2597/1181 1655/2610/1193 1634/2612/1195 1635/2598/1182
f 1655/2610/1193 1654/2611/1194 1633/2613/1196 1634/2612/1195
f 1654/2611/1194 1367/2269/991 1354/2253/977 1633/2613/1196
f 1635/2598/1182 1652/2177/916 1653/2180/919
f 1635/2598/1182 1634/2612/1195 1651/2170/909 1652/2177/916
f 1634/2612/1195 1650/2169/908 1651/2170/909
f 1634/2612/1195 1633/2613/1196 1649/2160/899 1650/2169/908
f 1633/2613/1196 1648/2157/896 1649/2160/899
f 1633/2613/1196 1354/2253/977 1349/2249/975 1648/2157/896
f 1652/2177/916 1651/2170/909 1639/2173/912 1640/2174/913
f 1650/2169/908 1649/2160/899 1637/2163/902 1638/2166/905
f 1648/2157/896 1349/2249/975 1346/2252/976 1636/2155/894
f 1641/2179/918 1640/2174/913 1647/2599/1183
f 1640/2174/913 1639/2173/912 1646/2614/1150 1647/2599/1183
f 1639/2173/912 1638/2166/905 1646/2614/1150
f 1638/2166/905 1637/2163/902 1645/2615/1197 1646/2614/1150
f 1637/2163/902 1636/2155/894 1645/2615/1197
f 1636/2155/894 1346/2252/976 1355/2254/978 1645/2615/1197
f 1647/2599/1183 1646/2614/1150 1643/2616/1198 1644/2600/1184
f 1645/2615/1197 1642/2617/1199 1643/2616/1198 1646/2614/1150
f 1644/2601/1184 1282/2149/890 1283/2152/892
f 1644/2601/1184 1643/2618/1198 1281/2142/886 1282/2149/890
f 1643/2618/1198 1280/2141/885 1281/2142/886
f 1643/2618/1198 1642/2619/1199 1279/2132/880 1280/2141/885
f 1642/2619/1199 1278/2129/878 1279/2132/880
f 1642/2619/1199 1339/2238/964 1331/2234/962 1278/2129/878
f 1282/2149/890 1281/2142/886 1287/2145/887 1288/2146/888
f 1280/2141/885 1279/2132/880 1285/2135/881 1286/2138/883
f 1278/2129/878 1331/2234/962 1335/2237/963 1284/2127/876
f 1289/2151/891 1288/2146/888 1623/2593/1177
f 1288/2146/888 1287/2145/887 1622/2602/1185 1623/2593/1177
f 1287/2145/887 1286/2138/883 1622/2602/1185
f 1286/2138/883 1285/2135/881 1621/2604/1187 1622/2602/1185
f 1285/2135/881 1284/2127/876 1621/2604/1187
f 1284/2127/876 1335/2237/963 1340/2239/965 1621/2604/1187
f 2997/2620/42 2998/2621/42 3006/2622/42 3008/2623/42
f 2997/2620/42 3008/2623/42 3009/2624/42 3000/2625/42
f 3000/2625/42 3009/2624/42 3010/2626/42 3001/2627/42
f 3001/2627/42 3010/2626/42 3011/2628/42 3002/2629/42
f 3002/2629/42 3011/2628/42 3012/2630/42 3003/2631/42
f 3003/2631/42 3012/2630/42 3013/2632/42 3004/2633/42
f 1672/2630/1200 1674/2634/1201 3015/2635/1202 3014/2632/1202
f 1673/2632/1203 1675/2636/1203 3016/2637/1203 3005/2633/1203
f 1671/2628/1204 1677/2638/1205 1674/2634/1201 1672/2630/1200
f 1670/2626/3 1678/2639/3 1677/2638/1205 1671/2628/1204
f 1669/2624/1206 1679/2640/1207 1678/2639/3 1670/2626/3
f 1667/2623/1208 1680/2641/1209 1679/2640/1207 1669/2624/1206
f 1667/2623/1208 3007/2622/1210 3017/2642/1210 1680/2641/1209
f 1668/2622/1211 2999/2621/1211 3018/2643/1211 1681/2644/1211
f 1665/2633/1212 1676/2645/1212 1683/2646/1213 1664/2631/1214
f 1664/2631/1214 1683/2646/1213 1684/2647/1215 1663/2629/1215
f 1663/2629/1215 1684/2647/1215 1685/2648/4 1662/2627/4
f 1662/2627/4 1685/2648/4 1686/2649/1216 1661/2625/1216
f 1661/2625/1216 1686/2649/1216 1687/2650/1217 1660/2620/1218
f 1666/2621/1219 1660/2620/1218 1687/2650/1217 1682/2651/1219
f 1694/2652/1220 1696/2653/1221 1697/2654/1222 1693/2655/1223
f 1695/2656/1224 1692/2657/1225 1698/2658/1226 1699/2659/1227
f 1692/2657/1225 1691/2660/36 1700/2661/36 1698/2658/1226
f 1690/2662/6 1695/2656/1224 1699/2659/1227 1701/2663/6
f 1693/2655/1223 1697/2654/1222 1702/2664/6 1689/2665/6
f 1688/2666/36 1703/2667/36 1696/2653/1221 1694/2652/1220
f 1734/2668/1228 1706/2669/1229 3020/2670/1229 3019/2671/1228
f 1707/2672/1230 1735/2673/1231 3021/2674/1231 3022/2675/1230
f 1732/2676/1232 1734/2668/1228 3019/2671/1228 3023/2677/1232
f 1735/2673/1231 1733/2678/1233 3024/2679/1233 3021/2674/1231
f 1730/2680/1234 1732/2676/1232 3023/2677/1232 3025/2681/1234
f 1733/2678/1233 1731/2682/1235 3026/2683/1235 3024/2679/1233
f 1728/2684/1236 1730/2680/1234 3025/2681/1234 3027/2685/1236
f 1731/2682/1235 1729/2686/1237 3028/2687/1237 3026/2683/1235
f 1726/2688/1238 1728/2684/1236 3027/2685/1236 3029/2689/1238
f 1729/2686/1237 1727/2690/1239 3030/2691/1239 3028/2687/1237
f 1724/2692/1240 1726/2688/1238 3029/2689/1238 3031/2693/1240
f 1727/2690/1239 1725/2694/1241 3032/2695/1241 3030/2691/1239
f 1722/2696/1242 1724/2692/1240 3031/2693/1240 3033/2697/1242
f 1725/2694/1241 1723/2698/1243 3034/2699/1243 3032/2695/1241
f 1720/2700/1244 1722/2696/1242 3033/2697/1242 3035/2701/1244
f 1723/2698/1243 1721/2702/1245 3036/2703/1245 3034/2699/1243
f 1718/2704/1246 1720/2700/1244 3035/2701/1244 3037/2705/1246
f 1721/2702/1245 1719/2706/1247 3038/2707/1247 3036/2703/1245
f 1716/2708/1248 1718/2704/1246 3037/2705/1246 3039/2709/1248
f 1719/2706/1247 1717/2710/1249 3040/2711/1249 3038/2707/1247
f 1714/2712/1250 1716/2713/1248 3039/2714/1248 3041/2715/1250
f 1717/2716/1249 1715/2717/1251 3042/2718/1251 3040/2719/1249
f 1712/2720/1252 1714/2712/1250 3041/2715/1250 3043/2721/1252
f 1715/2717/1251 1713/2722/1253 3044/2723/1253 3042/2718/1251
f 1710/2724/1254 1712/2720/1252 3043/2721/1252 3045/2725/1254
f 1713/2722/1253 1711/2726/1255 3046/2727/1255 3044/2723/1253
f 1708/2728/1256 1710/2724/1254 3045/2725/1254 3047/2729/1256
f 1711/2726/1255 1709/2730/1257 3048/2731/1257 3046/2727/1255
f 1704/2732/1258 1708/2728/1256 3047/2729/1256 3049/2733/1258
f 1709/2730/1257 1705/2734/1259 3050/2735/1259 3048/2731/1257
f 1706/2669/1229 1704/2732/1258 3049/2733/1258 3020/2670/1229
f 1705/2734/1259 1707/2672/1230 3022/2675/1230 3050/2735/1259
f 1738/2674/1260 1736/2671/1260 1737/2670/1261 1739/2675/1261
f 1741/2679/1262 1740/2677/1262 1736/2671/1260 1738/2674/1260
f 1743/2683/1263 1742/2681/1263 1740/2677/1262 1741/2679/1262
f 1745/2687/1264 1744/2685/1264 1742/2681/1263 1743/2683/1263
f 1747/2691/1265 1746/2689/1265 1744/2685/1264 1745/2687/1264
f 1749/2695/1266 1748/2693/1266 1746/2689/1265 1747/2691/1265
f 1751/2699/1267 1750/2697/1267 1748/2693/1266 1749/2695/1266
f 1753/2703/1268 1752/2701/1268 1750/2697/1267 1751/2699/1267
f 1755/2707/1269 1754/2705/1269 1752/2701/1268 1753/2703/1268
f 1757/2711/1270 1756/2709/1270 1754/2705/1269 1755/2707/1269
f 1759/2718/1271 1758/2715/1271 1756/2714/1270 1757/2719/1270
f 1761/2723/1272 1760/2721/1272 1758/2715/1271 1759/2718/1271
f 1763/2727/1273 1762/2725/1273 1760/2721/1272 1761/2723/1272
f 1765/2731/1274 1764/2729/1274 1762/2725/1273 1763/2727/1273
f 1767/2735/1275 1766/2733/1275 1764/2729/1274 1765/2731/1274
f 1739/2675/1261 1737/2670/1261 1766/2733/1275 1767/2735/1275
f 1336/2225/953 1771/2736/486 1786/2737/488 1338/2226/954
f 1334/2231/959 1772/2738/269 1771/2736/486 1336/2225/953
f 1337/2230/958 1773/2739/267 1772/2738/269 1334/2231/959
f 1353/2241/967 1774/2740/306 1773/2741/267 1337/2486/958
f 1351/2240/966 1775/2742/304 1774/2740/306 1353/2241/967
f 1350/2246/972 1776/2743/415 1775/2742/304 1351/2240/966
f 1352/2245/971 1777/2744/413 1776/2743/415 1350/2246/972
f 1365/2256/980 1778/2745/452 1777/2744/413 1352/2245/971
f 1770/2255/979 1779/2746/450 1778/2745/452 1365/2256/980
f 1364/2261/985 1780/2747/233 1779/2746/450 1770/2255/979
f 1768/2260/984 1781/2748/231 1780/2747/233 1364/2261/985
f 1542/2211/941 1782/2749/342 1781/2748/231 1768/2260/984
f 1769/2210/940 1783/2750/340 1782/2749/342 1542/2211/941
f 1326/2216/946 1784/2751/378 1783/2750/340 1769/2210/940
f 1539/2215/945 1785/2752/376 1784/2751/378 1326/2216/946
f 1338/2226/954 1786/2737/488 1785/2752/376 1539/2215/945
f 1546/2500/3 1553/2503/1276 1579/2529/1116 1582/2535/1122
f 1552/2506/1277 1559/2511/1095 1579/2529/1116 1553/2503/1276
f 1551/2504/1278 1558/2508/1092 1559/2511/1095 1552/2506/1277
f 1550/2498/1279 1578/2527/1114 1558/2508/1092 1551/2504/1278
f 1549/2497/3 1584/2533/1120 1578/2527/1114 1550/2498/1279
f 1575/2525/1112 1583/2537/1124 1576/2534/3 1581/2528/1280
f 1561/2510/1281 1565/2515/1099 1575/2525/1112 1581/2528/1280
f 1560/2509/1282 1564/2512/1096 1565/2515/1099 1561/2510/1281
f 1560/2509/1282 1580/2526/1283 1574/2523/1110 1564/2512/1096
f 1574/2523/1110 1580/2526/1283 1577/2532/3 1585/2531/1118
f 1562/2513/1284 1567/2518/1103 1566/2520/1106 1563/2514/1285
f 1563/2514/1285 1566/2520/1106 1573/2524/1286
f 1562/2513/1284 1572/2522/1287 1567/2518/1103
f 1548/2516/1100 1567/2518/1103 1572/2522/1287 1571/2530/1288
f 1547/2519/1105 1570/2536/1289 1573/2524/1286 1566/2520/1106
f 1793/2753/1290 1797/2754/1291 1796/2755/1292 1794/2756/1293
f 1795/2757/1294 1798/2758/1295 1799/2759/1296 1792/2760/1297
f 1794/2756/1293 1796/2755/1292 1800/2761/1298 1791/2762/1200
f 1791/2762/1200 1800/2761/1298 1801/2763/1299 1790/2764/1204
f 1790/2764/1204 1801/2763/1299 1802/2765/1300 1789/2766/3
f 1789/2766/3 1802/2765/1300 1803/2767/1301 1788/2768/1206
f 1788/2768/1206 1803/2767/1301 1804/2769/1302 1787/2770/1303
f 1787/2770/1303 1804/2769/1302 1798/2758/1295 1795/2757/1294
f 1797/2754/1291 1799/2759/1296 1798/2758/1295 1796/2755/1292
f 1800/2761/1298 1796/2755/1292 1798/2758/1295 1804/2769/1302
f 1801/2763/1299 1800/2761/1298 1804/2769/1302 1803/2767/1301
f 1802/2765/1300 1801/2763/1299 1803/2767/1301
f 1807/2771/1304 1805/2772/1305 1806/2773/1306 1808/2774/1307
f 1807/2771/1304 1808/2774/1307 1810/2775/1308 1809/2776/1309
f 1806/2773/1306 1805/2772/1305 1811/2777/1310 1812/2778/1311
f 1810/2775/1308 1812/2779/1311 1811/2780/1310 1809/2776/1309
f 1812/2779/1311 1810/2775/1308 1813/2781/52 1814/2782/51
f 1809/2776/1309 1811/2780/1310 1815/2783/1312 1816/2784/1313
f 1806/2773/1306 1812/2778/1311 1814/2785/51 1817/2786/1312
f 1811/2777/1310 1805/2772/1305 1818/2787/51 1815/2788/1312
f 1807/2771/1304 1809/2776/1309 1816/2784/1313 1819/2789/52
f 1810/2775/1308 1808/2774/1307 1820/2790/1313 1813/2781/52
f 1805/2772/1305 1807/2771/1304 1819/2789/52 1818/2787/51
f 1808/2774/1307 1806/2773/1306 1817/2786/1312 1820/2790/1313
f 1833/2791/1314 1835/2792/1315 1824/2793/47 1821/2794/50
f 1836/2795/1316 1834/2796/1317 1822/2797/54 1823/2798/53
f 1831/2799/1318 1833/2791/1314 1821/2794/50 1828/2800/54
f 1834/2796/1317 1832/2801/1319 1825/2802/50 1822/2797/54
f 1830/2803/1320 1836/2795/1316 1823/2798/53 1826/2804/47
f 1835/2792/1315 1829/2805/1321 1827/2806/53 1824/2793/47
f 1832/2801/1319 1830/2807/1320 1826/2808/47 1825/2802/50
f 1829/2809/1321 1831/2799/1318 1828/2800/54 1827/2810/53
f 1831/2799/1318 1829/2809/1321 1830/2807/1320 1832/2801/1319
f 1835/2792/1315 1836/2795/1316 1830/2803/1320 1829/2805/1321
f 1834/2796/1317 1833/2791/1314 1831/2799/1318 1832/2801/1319
f 1834/2796/1317 1836/2795/1316 1835/2792/1315 1833/2791/1314
f 1841/2811/1322 1838/2812/1323 1837/2813/1324 1844/2814/1325
f 1843/2815/1326 1839/2816/1327 1840/2817/1328 1842/2818/1329
f 1838/2812/1323 1841/2811/1322 1842/2818/1329 1840/2817/1328
f 1837/2813/1324 1839/2816/1327 1843/2815/1326 1844/2814/1325
f 1857/2819/1307 1859/2820/1306 1848/2821/1312 1845/2822/1313
f 1860/2823/1305 1858/2824/1304 1846/2825/52 1847/2826/51
f 1855/2827/1308 1857/2819/1307 1845/2822/1313 1852/2828/52
f 1858/2824/1304 1856/2829/1309 1849/2830/1313 1846/2825/52
f 1854/2831/1310 1860/2823/1305 1847/2826/51 1850/2832/1312
f 1859/2820/1306 1853/2833/1311 1851/2834/51 1848/2821/1312
f 1856/2829/1309 1854/2835/1310 1850/2836/1312 1849/2830/1313
f 1853/2837/1311 1855/2827/1308 1852/2828/52 1851/2838/51
f 1855/2827/1308 1853/2837/1311 1854/2835/1310 1856/2829/1309
f 1859/2820/1306 1860/2823/1305 1854/2831/1310 1853/2833/1311
f 1858/2824/1304 1857/2819/1307 1855/2827/1308 1856/2829/1309
f 1858/2824/1304 1860/2823/1305 1859/2820/1306 1857/2819/1307
f 1863/2839/1330 1864/2840/1299 1862/2841/1301
f 1864/2840/1299 1865/2842/1298 1861/2843/1302 1862/2841/1301
f 1865/2842/1298 1869/2844/1292 1867/2845/1295 1861/2843/1302
f 1868/2846/1291 1866/2847/1296 1867/2845/1295 1869/2844/1292
f 1878/2848/1303 1861/2843/1302 1867/2845/1295 1870/2849/1294
f 1877/2850/1206 1862/2841/1301 1861/2843/1302 1878/2848/1303
f 1876/2851/3 1863/2839/1330 1862/2841/1301 1877/2850/1206
f 1875/2852/1204 1864/2840/1299 1863/2839/1330 1876/2851/3
f 1874/2853/1200 1865/2842/1298 1864/2840/1299 1875/2852/1204
f 1871/2854/1293 1869/2844/1292 1865/2842/1298 1874/2853/1200
f 1870/2849/1294 1867/2845/1295 1866/2847/1296 1873/2855/1297
f 1872/2856/1290 1868/2846/1291 1869/2844/1292 1871/2854/1293
f 1885/2857/1331 1889/2858/1332 1888/2859/1333 1886/2860/1334
f 1887/2861/1335 1890/2862/1336 1891/2863/1337 1884/2864/1338
f 1886/2860/1334 1888/2859/1333 1892/2865/1339 1883/2866/1340
f 1883/2866/1340 1892/2865/1339 1893/2867/1341 1882/2868/1342
f 1882/2868/1342 1893/2867/1341 1894/2869/1343 1881/2870/3
f 1881/2870/3 1894/2869/1343 1895/2871/1344 1880/2872/1345
f 1880/2872/1345 1895/2871/1344 1896/2873/1346 1879/2874/1347
f 1879/2874/1347 1896/2873/1346 1890/2862/1336 1887/2861/1335
f 1889/2858/1332 1891/2863/1337 1890/2862/1336 1888/2859/1333
f 1892/2865/1339 1888/2859/1333 1890/2862/1336 1896/2873/1346
f 1893/2867/1341 1892/2865/1339 1896/2873/1346 1895/2871/1344
f 1894/2869/1343 1893/2867/1341 1895/2871/1344
f 1899/2875/1348 1897/2876/1349 1898/2877/1350 1900/2878/1351
f 1899/2875/1348 1900/2878/1351 1902/2879/1352 1901/2880/1353
f 1898/2877/1350 1897/2876/1349 1903/2881/1354 1904/2882/1355
f 1902/2879/1352 1904/2883/1355 1903/2884/1354 1901/2880/1353
f 1904/2883/1355 1902/2879/1352 1905/2885/60 1906/2886/61
f 1901/2880/1353 1903/2884/1354 1907/2887/1356 1908/2888/1357
f 1898/2877/1350 1904/2882/1355 1906/2889/61 1909/2890/1356
f 1903/2881/1354 1897/2876/1349 1910/2891/61 1907/2892/1356
f 1899/2875/1348 1901/2880/1353 1908/2888/1357 1911/2893/60
f 1902/2879/1352 1900/2878/1351 1912/2894/1357 1905/2885/60
f 1897/2876/1349 1899/2875/1348 1911/2893/60 1910/2891/61
f 1900/2878/1351 1898/2877/1350 1909/2890/1356 1912/2894/1357
f 1925/2895/1358 1927/2896/1359 1916/2897/1313 1913/2898/1312
f 1928/2899/1360 1926/2900/1361 1914/2901/51 1915/2902/52
f 1923/2903/1362 1925/2895/1358 1913/2898/1312 1920/2904/51
f 1926/2900/1361 1924/2905/1363 1917/2906/1312 1914/2901/51
f 1922/2907/1364 1928/2899/1360 1915/2902/52 1918/2908/1313
f 1927/2896/1359 1921/2909/1365 1919/2910/52 1916/2897/1313
f 1924/2905/1363 1922/2911/1364 1918/2912/1313 1917/2906/1312
f 1921/2913/1365 1923/2903/1362 1920/2904/51 1919/2914/52
f 1923/2903/1362 1921/2913/1365 1922/2911/1364 1924/2905/1363
f 1927/2896/1359 1928/2899/1360 1922/2907/1364 1921/2909/1365
f 1926/2900/1361 1925/2895/1358 1923/2903/1362 1924/2905/1363
f 1926/2900/1361 1928/2899/1360 1927/2896/1359 1925/2895/1358
f 1931/2915/1366 1932/2916/1367 1930/2917/1368
f 1932/2916/1367 1933/2918/1369 1929/2919/1370 1930/2917/1368
f 1933/2918/1369 1937/2920/1371 1935/2921/1372 1929/2919/1370
f 1936/2922/1373 1934/2923/1374 1935/2921/1372 1937/2920/1371
f 1946/2924/1375 1929/2919/1370 1935/2921/1372 1938/2925/1376
f 1945/2926/1204 1930/2917/1368 1929/2919/1370 1946/2924/1375
f 1944/2927/3 1931/2915/1366 1930/2917/1368 1945/2926/1204
f 1943/2928/1206 1932/2916/1367 1931/2915/1366 1944/2927/3
f 1942/2929/1208 1933/2918/1369 1932/2916/1367 1943/2928/1206
f 1939/2930/1377 1937/2920/1371 1933/2918/1369 1942/2929/1208
f 1938/2925/1376 1935/2921/1372 1934/2923/1374 1941/2931/1290
f 1940/2932/1297 1936/2922/1373 1937/2920/1371 1939/2930/1377
f 1953/2933/1338 1957/2934/1378 1956/2935/1379 1954/2936/1380
f 1955/2937/1381 1958/2938/1382 1959/2939/1383 1952/2940/1331
f 1954/2936/1380 1956/2935/1379 1960/2941/1384 1951/2942/1385
f 1951/2942/1385 1960/2941/1384 1961/2943/1386 1950/2944/1345
f 1950/2944/1345 1961/2943/1386 1962/2945/1387 1949/2946/3
f 1949/2946/3 1962/2945/1387 1963/2947/1388 1948/2948/1342
f 1948/2948/1342 1963/2947/1388 1964/2949/1389 1947/2950/1390
f 1947/2950/1390 1964/2949/1389 1958/2938/1382 1955/2937/1381
f 1957/2934/1378 1959/2939/1383 1958/2938/1382 1956/2935/1379
f 1960/2941/1384 1956/2935/1379 1958/2938/1382 1964/2949/1389
f 1961/2943/1386 1960/2941/1384 1964/2949/1389 1963/2947/1388
f 1962/2945/1387 1961/2943/1386 1963/2947/1388
f 1967/2951/1391 1965/2952/1392 1966/2953/1393 1968/2954/1394
f 1967/2951/1391 1968/2954/1394 1970/2955/1395 1969/2956/1396
f 1966/2953/1393 1965/2952/1392 1971/2957/1397 1972/2958/1398
f 1970/2955/1395 1972/2959/1398 1971/2960/1397 1969/2956/1396
f 1972/2959/1398 1970/2955/1395 1973/2961/61 1974/2962/60
f 1969/2956/1396 1971/2960/1397 1975/2963/1357 1976/2964/1356
f 1966/2953/1393 1972/2958/1398 1974/2965/60 1977/2966/1357
f 1971/2957/1397 1965/2952/1392 1978/2967/60 1975/2968/1357
f 1967/2951/1391 1969/2956/1396 1976/2964/1356 1979/2969/61
f 1970/2955/1395 1968/2954/1394 1980/2970/1356 1973/2961/61
f 1965/2952/1392 1967/2951/1391 1979/2969/61 1978/2967/60
f 1968/2954/1394 1966/2953/1393 1977/2966/1357 1980/2970/1356
f 1355/2254/978 1353/2241/967 1339/2487/964
f 1645/2615/1197 1355/2254/978 1339/2487/964 1642/2617/1199
f 1983/2816/3 1981/2813/3 1982/2812/3 1984/2817/3
